Intersection ID,East,West,South,North,Northeast,Southeast,Southwest,Northwest,?????????,?????•Ë??,X???,Y???
4761,,,161.0,,,,,,4761,????2???£⁄A(??),37.50495916,127.12029199
4764,,,99.0,,,,,,4764,??????????(??),37.50844355,127.14051907
2588,,89.0,,,,,,,2588,???????????,37.52406108,126.89625415
2876,619.0,619.0,1329.0,1329.0,,,,,2876,?????????????,37.56769944,126.80521756
2901,,,,,739.0,,,49.0,2901,????????(????)2,37.57339218,126.81557176
2878,243.0,173.0,1133.0,1203.0,,,,,2878,????????,37.57904398,126.79973887
2896,1420.0,1420.0,,,,230.0,,230.0,2896,?????????????,37.57293956,126.82636251
2900,,,,,,,,,2900,????????,37.57334116,126.81674715
2407,,,,,,,293.0,,2407,???????,37.54755638,127.08806688
4755,,,,340.0,,,,,4755,??????????,37.50098795,127.12388618
2382,,,,,,1165.0,,,2382,??????,37.53815002,127.05761069
1383,,,79.0,,,,,,1383,?????????????,37.4836982,126.90761643
1226,39.0,,419.0,809.0,,,,,1226,??????????,37.48279779,126.94646353
2430,36001.0,36001.0,36001.0,36001.0,,,,,2430,?£⁄?????????(????)2,37.54387036,127.10316252
426,,,,,,191.0,251.0,,426,??????????,37.6154802,126.90857577
673,,,451.0,,,451.0,451.0,,673,????,37.57566666,126.99063341
4789,,,,,,107.0,1027.0,,4789,???????103??(??),37.4912704,127.1456558
467,1107.0,,,,,,,,467,????????,37.59308193,127.07272231
1109,,,,,1035.0,105.0,1035.0,105.0,1109,???????????,37.4885037,127.02823373
470,,,,,993.0,203.0,73.0,133.0,470,????1??,37.57602347,127.04756619
1923,,,,,,,369.0,,1923,???Åö?(????),37.47863187,126.93065339
3955,,,,,1475.0,55.0,,55.0,3955,??????????(????)1,37.52130022,126.85439519
4553,,,,,47.0,27.0,,,4553,????(????)2,37.52515171,126.85032537
1296,,,,,,,,,1296,?£⁄????•Ï???(????)1,37.46781252,126.93194108
4674,,,,,,,,,4674,?????13???????,37.51694772,127.0143924
3826,,,,,87.0,87.0,,87.0,3826,??•Ô???????,37.53612112,126.8819374
1219,,,,,,,,727.0,1219,????•Â???(????),37.47649124,126.96320199
2688,,,,,,,87.0,,2688,??????,37.54362085,127.00166576
2261,,,,,,,85.0,,2261,??????????,37.5047843,127.13883216
3665,,,,,,,23.0,103.0,3665,????3???£⁄?????,37.60988517,127.03569376
3633,,,,,185.0,555.0,185.0,985.0,3633,?•‰?(??),37.60470406,126.98389994
4838,,,,,,,,315.0,4838,????6R~????IC(??),37.49143624,127.09077542
1283,,,,,,173.0,,,1283,??????????(????)2,37.48698733,126.9456182
3765,,,,,,125.0,,,3765,???????????,37.60776513,127.04732337
653,,,,,,36001.0,36001.0,36001.0,653,?????ìô????,37.52917569,127.0337776
3000,,,36001.0,36001.0,36001.0,,36001.0,,3000,??????¨“?,37.57626778,126.80919437
3006,36001.0,36001.0,36001.0,36001.0,,,,,3006,?????????,37.57925098,126.81068959
3980,36001.0,36001.0,36001.0,36001.0,,,,,3980,????????????(????),37.62349469,127.07370042
3981,,36001.0,,,,,,,3981,??????????(????),37.62103776,127.07452552
79,,,,,,,,269.0,79,????????(????)2,37.60744127,126.91526548
369,36001.0,36001.0,,,,,,,369,??????1??,37.56602379,126.9826896
3840,,,36001.0,36001.0,,,,,3840,??????????,37.52827092,126.87035939
1446,,,,,,36001.0,36001.0,,1446,?®˘??????(????),37.49088122,126.82753776
2952,,,,,,,,36001.0,2952,???¨·?,37.66704687,127.04318682
2950,,36001.0,36001.0,,,,,,2950,????????,37.67749344,127.04496539
3018,,,,36001.0,,,,,3018,???????,37.53104922,126.85282449
1123,36001.0,36001.0,36001.0,36001.0,,,,,1123,??????©¶???????,37.5009325,127.02230617
4973,,,36001.0,,,,,,4973,?????????(??)1,37.55336906,127.02052675
2975,,,36001.0,,,,,,2975,????3????(????)1,37.56601472,126.85241667
2974,,,36001.0,,,,,,2974,????3????,37.56512982,126.85367321
3001,36001.0,36001.0,36001.0,,,,,,3001,???????????,37.57616584,126.81336576
2961,36001.0,,36001.0,36001.0,,,36001.0,,2961,?1????•Ï???,37.64808977,127.04379332
2948,,36001.0,,,,,,,2948,?????Ög,37.68902035,127.04556574
2947,36001.0,36001.0,36001.0,36001.0,,36001.0,,,2947,?????????,37.69048508,127.04535689
3032,,36001.0,36001.0,36001.0,,,,,3032,????????,37.55267978,126.85327662
2951,36001.0,,36001.0,36001.0,,,36001.0,,2951,??????????????,37.6743221,127.04440977
2214,36001.0,36001.0,,,,36001.0,,36001.0,2214,?????????????,37.54126108,127.12436514
2216,,,,,36001.0,,,,2216,?¯™???ï˚??,37.53514594,127.13899534
3004,36001.0,,,,,,,,3004,???3??????,37.57603901,126.81816643
2417,,36001.0,,,,,,,2417,?????Ög,37.55142639,127.08991419
2953,36001.0,36001.0,360.0,360.0,,,,,2953,??????°¿???,37.66459692,127.04275195
2946,36001.0,36001.0,36001.0,36001.0,,,,,2946,???????,37.56161874,126.86012934
2967,36001.0,,36001.0,36001.0,,,36001.0,,2967,????3???????,37.64098582,127.02884064
173,,36001.0,,,,,,,173,??????,37.54924511,126.91336884
2956,36001.0,36001.0,36001.0,36001.0,,,,,2956,???????????,37.65429574,127.03808013
3019,36001.0,36001.0,36001.0,36001.0,,,,,3019,???•Í???(????),37.53186771,126.85911012
3049,36001.0,36001.0,,,,36001.0,,36001.0,3049,?????????,37.58810608,126.88597892
3211,36001.0,36001.0,36001.0,36001.0,,,,,3211,?????,37.58464064,127.08842137
3051,36001.0,36001.0,,,,,,,3051,?????????(????),37.58028471,126.92813234
800,36001.0,36001.0,36001.0,,,,,,800,?????????5??(????),37.55631102,126.94049711
1850,703.0,,403.0,403.0,,,,,1850,??????,37.51145241,127.06177726
2691,559.0,559.0,,,,,,,2691,?????????,37.54264576,126.9922649
1619,,,,,,,,281.0,1619,????,37.49579121,126.90845526
1537,,,,,223.0,123.0,223.0,123.0,1537,???????(????),37.50606813,126.85820731
929,,,,,,,,36001.0,929,?????????????,37.54916334,126.93912518
1574,,,763.0,,,,,,1574,????????????,37.4916736,126.8559611
3180,21.0,21.0,,,,,,1301.0,3180,???????¨“?,37.58916339,127.07353088
1814,,,,155.0,,,,,1814,????2??????,37.50043762,127.04376567
1818,,,165.0,,,,,,1818,??????(????)1,37.52167177,127.03962012
1839,223.0,223.0,,,,,,,1839,????????107??,37.48987821,126.95353064
1863,179.0,179.0,889.0,889.0,,,,,1863,???????,37.48105597,127.05374051
1620,,,57.0,,,,,,1620,????????(????),37.49789166,126.90818731
1819,495.0,495.0,395.0,395.0,,,,,1819,??????,37.52064379,127.04001777
1817,209.0,209.0,209.0,209.0,,,,,1817,??????,37.5246492,127.03958055
1821,843.0,843.0,303.0,303.0,,,,,1821,?????????(????),37.51614729,127.04165771
1812,,,59.0,1209.0,769.0,,59.0,,1812,??????,37.48594779,126.94694592
1865,,,36001.0,36001.0,36001.0,,36001.0,,1865,????????????????,37.4787632,127.04748126
4762,803.0,,3.0,,,,,,4762,???????(??),37.50342557,127.1161306
4760,,,867.0,,,,,,4760,??????????(????)1,37.51109868,127.10701465
4761,,,171.0,,,,,,4761,????2???£⁄A(??),37.50495916,127.12029199
4763,,,3.0,,,,,,4763,????????,37.50837722,127.13048616
1816,,,785.0,,,,,,1816,???????????(????)2,37.49552552,127.04608993
157,,,,161.0,,,,,157,?ïX??????,37.51356321,126.94023585
1820,801.0,801.0,351.0,301.0,,,,,1820,??????(????)2,37.51924516,127.04051117
4765,,,267.0,,,,,,4765,???????(??),37.50798628,127.1367452
4764,,,109.0,,,,,,4764,??????????(??),37.50844355,127.14051907
2588,,99.0,,,,,,,2588,???????????,37.52406108,126.89625415
2697,,83.0,,,,,,,2697,"1,2??????",37.53475812,126.98075715
4552,,,143.0,,,,,,4552,??????????????,37.51909579,126.85339778
640,,,939.0,,,,,,640,??????????,37.49550969,126.95433207
151,315.0,315.0,235.0,995.0,,,,,151,???????,37.54803841,127.02577397
2580,497.0,497.0,497.0,497.0,,,,,2580,????????,37.52260957,126.88778294
2428,,,,,1323.0,123.0,,,2428,????????,37.53788254,127.08906229
3457,,,,,1215.0,,,,3457,?????????,37.56693038,127.06222908
2308,,,,,,417.0,,,2308,????1????•Ï???,37.49037399,127.12411139
1867,,,,,,365.0,,,1867,????4??(??????),37.49986106,127.14165439
1830,563.0,563.0,563.0,563.0,,,,,1830,???2?????,37.52250399,127.04826842
156,,,,,,,113.0,,156,????????????,37.52611096,126.90285104
1851,423.0,,,,,,,,1851,??????????,37.49840041,127.06888795
1999,969.0,,289.0,529.0,,,,1429.0,1999,??????(????)2,37.4876298,127.10263932
3126,317.0,317.0,,227.0,,,,,3126,DMC????????????,37.57856415,126.92247652
1857,301.0,,,,,,,,1857,????5??,37.48907721,127.06600733
3225,,,,,,,,199.0,3225,?ïü??????,37.58298272,127.09353432
1813,,75.0,75.0,75.0,,,,,1813,??????(????),37.48488912,126.9467297
1815,,583.0,1493.0,,,,,,1815,?ØC??????,37.49665992,127.0455706
2262,,25.0,325.0,,,,,,2262,????????102????(????),37.55571575,127.15860885
1463,,,,,36001.0,36001.0,,,1463,?ïõ??,37.4922467,126.89571132
3068,,,,,,,487.0,,3068,?•Î??????,37.63482847,127.02551287
1826,,,561.0,561.0,1191.0,,1191.0,,1826,???????????,37.49878496,127.05170558
111,,,,36001.0,,,,,111,?ïõ?±p2???????,37.49484422,126.89994154
616,,520.0,520.0,520.0,,,,,616,??????????,37.5012788,126.98669772
3331,36001.0,,36001.0,36001.0,,,,,3331,?????(??),37.59973441,127.0814924
1864,,,21.0,21.0,,,,,1864,???????????,37.48317762,127.05260334
158,,,681.0,1271.0,,,,,158,??????,37.51110133,127.02132978
1854,,910.0,,,,,,,1854,??????????,37.49255998,127.07625495
917,879.0,879.0,879.0,879.0,,,,,917,?????????????????,37.5501034,126.94390212
1843,36001.0,,,,,,,,1843,???????¨“?,37.49228767,126.9489679
1611,,41.0,,,,,,,1611,?óµ???,37.50232898,126.90433225
1506,261.0,261.0,261.0,261.0,,,,,1506,??????,37.49900783,126.89605757
3558,,959.0,,,,,,,3558,?????????,37.59044954,127.01695077
4545,,,,,,,,,4545,??????,37.52740422,126.85604287
2872,763.0,,133.0,53.0,,,,,2872,????????,37.53924041,126.82408277
2875,36001.0,36001.0,36001.0,36001.0,,,,,2875,?????,37.56450876,126.8062399
2876,630.0,630.0,0.0,0.0,,,,,2876,?????????????,37.56769944,126.80521756
2884,23.0,,,,,123.0,,123.0,2884,????????????,37.55024106,126.87304101
2901,,,,,750.0,,,60.0,2901,????????(????)2,37.57339218,126.81557176
2878,253.0,183.0,1143.0,1213.0,,,,,2878,????????,37.57904398,126.79973887
1835,520.0,,160.0,160.0,,,,,1835,????????,37.5105879,127.05465019
2896,1432.0,1432.0,,,,242.0,,242.0,2896,?????????????,37.57293956,126.82636251
2905,,,,207.0,,,,,2905,????Ög(????)2,37.57213533,126.80744282
2907,,431.0,371.0,,,,,,2907,?????•Í??,37.53863578,126.84248793
2906,295.0,,745.0,,,,,,2906,??????(????),37.52960864,126.84793746
2904,,,,,,,,,2904,????Ög(????)1,37.57260139,126.80597576
3266,,370.0,,,,,,,3266,??????,37.5844478,127.08354288
2900,,,,,,,,,2900,????????,37.57334116,126.81674715
2899,,,,,,,,129.0,2899,????????(????)1,37.57336083,126.81810911
1929,,,36001.0,,,,,,1929,?????????,37.51798188,126.92429586
793,,,,,,,,36001.0,793,?????,37.59114517,126.91590659
2895,,36001.0,36001.0,,,,,,2895,????????????(??),37.57260486,126.83238407
2407,,,,,,,303.0,,2407,???????,37.54755638,127.08806688
2897,679.0,199.0,679.0,199.0,,,,,2897,??????????,37.5732598,126.82257269
2877,,,,17.0,,,,,2877,???119????????,37.57488927,126.80254475
2864,,,,,,,,,2864,?????????????????(??),37.58517863,126.88130105
2867,,,,,359.0,379.0,,,2867,?????,37.55796961,126.84459567
2823,,,,,36001.0,36001.0,36001.0,36001.0,2823,?????????,37.5310176,127.00610646
2829,,,,,121.0,191.0,,,2829,???????(??),37.52644033,126.99648963
3265,,,,,,907.0,,,3265,???????????,37.58301163,127.08393098
2910,189.0,,889.0,,,,,,2910,?????????,37.54626841,126.83643869
2879,209.0,209.0,269.0,269.0,,,,,2879,????ìô????,37.58086902,126.79846121
2865,493.0,493.0,83.0,83.0,,,,,2865,???????,37.56107808,126.8135461
2830,,,,,1207.0,,,707.0,2830,????ìô???(??),37.51857432,126.98344362
2889,1109.0,1109.0,,,,,,,2889,??????????????,37.55949766,126.85810313
2902,,,,,,171.0,,,2902,???1??????,37.57345278,126.81395378
2817,,,,,,,,467.0,2817,?????????(??),37.53978877,126.99166667
2886,,,,,,19.0,,,2886,?????????????,37.55509161,126.86573127
2885,,,63.0,63.0,63.0,,63.0,,2885,?£⁄??????????,37.5541745,126.86730434
4781,,,,389.0,,,,,4781,?????????,37.48085468,127.13317587
4781,,,,381.0,,,,,4781,?????????,37.48085468,127.13317587
2912,,,,429.0,,,,,2912,????Ög(????),37.54947952,126.83634203
2871,1117.0,117.0,377.0,,,,,,2871,?????,37.54711228,126.87762427
3146,,,,,,,,539.0,3146,???????,37.60062217,127.10611182
2870,989.0,989.0,329.0,549.0,,,,,2870,?œΩ??,37.54755083,126.87110013
1921,,,,,,483.0,,,1921,??????????????(????)1,37.52325729,126.93276022
2869,,,207.0,207.0,957.0,,957.0,,2869,??????,37.55278798,126.86103874
2819,,,,,,475.0,,,2819,?????????????,37.53641095,127.01170475
2822,711.0,711.0,141.0,141.0,,,,,2822,?????????(????),37.53184069,127.00571593
2913,,,,36001.0,,,,,2913,??????????,37.55080223,126.8363575
3967,169.0,169.0,169.0,169.0,,,,,3967,????????,37.62576532,127.05201746
2866,,,101.0,101.0,,,,,2866,?????????,37.56076719,126.81653502
458,285.0,285.0,245.0,285.0,,,,,458,?????•Í???,37.60045295,126.92228443
2862,755.0,755.0,755.0,755.0,,,,,2862,??????7??????????(??),37.56141193,126.90171053
2696,,,,,,187.0,,,2696,????•Ô???,37.53472675,126.97890605
2903,,,,,,,,,2903,????Ög,37.57276301,126.80741756
4755,,,,350.0,,,,,4755,??????????,37.50098795,127.12388618
2117,,,,,267.0,847.0,197.0,1297.0,2117,?????,37.49303466,127.14438174
2638,227.0,,157.0,1007.0,,,,,2638,??????,37.5462573,126.97038574
734,,,,1105.0,,85.0,,,734,?????,37.58826072,126.97232851
2359,,36001.0,,36001.0,,,,,2359,?£⁄?????????,37.54331373,127.10229801
1971,,,36001.0,,,,,,1971,????????,37.4929126,127.01107683
2382,,,,,,1175.0,,,2382,??????,37.53815002,127.05761069
2582,,,,,,,36001.0,1131.0,2582,GS?????????,37.52107353,126.88975073
932,,,,,,36001.0,36001.0,36001.0,932,??????,37.55595857,126.91021247
1963,,,,,,15.0,,,1963,?????,37.51793677,126.88434411
2423,561.0,561.0,411.0,511.0,,,,,2423,???????????????,37.54325384,127.0604213
2374,117.0,117.0,47.0,,,,,,2374,????????????,37.53552415,127.09406109
3392,,,,58.0,,,,,3392,???????,37.56123083,127.07111775
1383,,,89.0,,,,,,1383,?????????????,37.4836982,126.90761643
910,,,1447.0,,,,,,910,??????©≠?????,37.57519719,126.89576637
2378,36001.0,36001.0,,,,36001.0,,36001.0,2378,???????,37.53145782,127.08251379
2340,,,36001.0,,,,,,2340,??????????,37.54726906,127.07417789
2326,,,36001.0,,,,,,2326,????,37.54575754,127.13955004
2352,,,36001.0,,,,,,2352,?¯™???,37.54419031,127.04956
2393,,,,103.0,983.0,283.0,983.0,283.0,2393,???1??????,37.56315936,127.07975707
2040,,,,,,,,,2040,??2??,37.50429186,127.07628297
2349,,,,,0.0,,0.0,1240.0,2349,???????,37.54181484,127.04427618
2342,,,,,,1213.0,,,2342,???ìô??????(????),37.53121437,127.08634339
2379,,299.0,,219.0,,,,,2379,????,37.53200687,127.07961694
186,,,,,,,,,186,?????????,37.49933968,126.90854711
1224,293.0,233.0,643.0,643.0,,,,,1224,??????????(????),37.48254253,126.94919844
1225,,,,590.0,,,,,1225,??????????(????)2,37.4826776,126.94782635
1226,47.0,,427.0,817.0,,,,,1226,??????????,37.48279779,126.94646353
1228,,81.0,36001.0,901.0,,,,,1228,??????????(????)1,37.4829676,126.94495837
1229,,,551.0,,,,,,1229,?????????,37.48308366,126.94377647
3930,,,599.0,,,,,,3930,???????(????),37.53937396,126.82718849
1230,,,597.0,,,,,,1230,???????(????)2,37.48315607,126.9430743
1069,257.0,257.0,857.0,857.0,,,,,1069,???????,37.51064715,127.01981022
2264,581.0,181.0,,,,181.0,,581.0,2264,?¯™??????????,37.53649517,127.14833117
2430,36001.0,36001.0,36001.0,36001.0,,,,,2430,?£⁄?????????(????)2,37.54387036,127.10316252
1168,,,,,95.0,,175.0,,1168,???????,37.55251048,126.95623678
645,,,,,131.0,,,131.0,645,?????????°¿???,37.57192974,127.04417591
2705,,,36001.0,36001.0,36001.0,,36001.0,,2705,????????,37.53829674,127.00158411
985,,,,,36001.0,36001.0,,36001.0,985,??????,37.55148995,127.04411333
858,,,,,36001.0,36001.0,36001.0,36001.0,858,???????????,37.55664706,126.97430128
648,,,,,,1237.0,,,648,????2??,37.56119046,126.98905093
643,,,,,115.0,,,,643,???•Â????¨’??????,37.48258609,126.90121021
644,,301.0,,,,,,,644,??ÓË,37.63596105,127.06821308
423,,,,,,13.0,,,423,????????,37.61898713,126.93267887
420,,,,,349.0,279.0,349.0,79.0,420,????????????103??,37.63457694,126.91897879
432,,,,,151.0,91.0,151.0,951.0,432,????????,37.60147957,126.92712639
430,,,,,,1069.0,,,430,??????????,37.64919223,127.06956635
429,36001.0,36001.0,,,36001.0,,36001.0,,429,?????????,37.5997559,126.91896307
427,,,,,,97.0,,,427,????ÇÈ???(????),37.61082928,126.94146324
425,,,,,,99.0,,,425,????????,37.61430771,126.91012608
426,,,,,,201.0,261.0,,426,??????????,37.6154802,126.90857577
424,,,,,209.0,1039.0,209.0,,424,?????´ï?????,37.61731162,126.90664953
672,,,,,,,153.0,,672,???????,37.57256466,126.99155072
673,,,461.0,,,461.0,461.0,,673,????,37.57566666,126.99063341
671,,,,,171.0,,,,671,?????,37.57057963,126.99537569
4789,,,,,,117.0,1037.0,,4789,???????103??(??),37.4912704,127.1456558
212,,,,,721.0,61.0,401.0,,212,????????????,37.61365533,126.92467062
215,241.0,,,,,191.0,,,215,?????,37.61096344,126.92949454
2479,,,,,,,392.0,,2479,?????????,37.55880738,127.07533659
748,1081.0,,,141.0,,,,,748,???????,37.56540917,126.90148722
467,1117.0,,,,,,,,467,????????,37.59308193,127.07272231
3148,,,,,763.0,,763.0,,3148,????????,37.60032958,127.11198992
1109,,,,,1045.0,115.0,1045.0,115.0,1109,???????????,37.4885037,127.02823373
3150,,,,,,,36001.0,,3150,??????,37.61422822,127.07677567
3149,,993.0,,,,,,,3149,?ØC?????¢¨???????,37.61554546,127.07635992
1426,,811.0,,,,,,,1426,????????¨’?????(????),37.48063569,126.88335504
468,,,,,36001.0,36001.0,36001.0,36001.0,468,?????,37.59156609,127.06721876
3864,,,,,777.0,,,127.0,3864,???????,37.61830357,127.07376972
470,,,,,1001.0,211.0,81.0,141.0,470,????1??,37.57602347,127.04756619
1648,,,,,1089.0,279.0,869.0,,1648,?????©£???,37.5052457,126.94456112
1649,759.0,,,,,,,,1649,?ïõ???•Ï???,37.50482482,126.94624503
742,,,,,,,,19.0,742,???ï«???,37.5730568,126.93556529
2474,,,,,,867.0,327.0,867.0,2474,???????(????),37.56209695,127.07526218
2431,,,,,245.0,645.0,,,2431,?????????(????),37.54005323,127.0504232
2445,,,,,,559.0,319.0,,2445,????•Ó????105????,37.55829501,127.03875359
2415,,,,,377.0,407.0,,,2415,??•·??,37.55450623,127.08628345
1662,,,,,,,325.0,,1662,????????,37.50133421,126.9492296
2435,,,,,,359.0,,,2435,???????,37.53437744,127.07168003
3962,,,,,,,751.0,,3962,"???3,4????•Ï???",37.67211657,127.08286784
2458,,,699.0,699.0,,,,,2458,????????,37.54857831,127.08912313
2444,,,885.0,,,,,,2444,?????????????????,37.56426665,127.08340067
2500,,,,,,,,,2500,???119????????,37.55311866,127.00942761
2457,,,,,279.0,,,,2457,??????(????)2,37.55773251,127.08791424
2470,,,,,,751.0,,,2470,?????(????)2,37.56075527,127.08747398
2419,,,,,,20.0,760.0,,2419,?????????????,37.54948056,127.05610473
2408,,,,,,,59.0,,2408,??????????,37.54262637,127.08425459
2434,,,,,299.0,359.0,299.0,,2434,?????????,37.53480855,127.07011559
2443,,,,777.0,,,,,2443,????2??(????),37.53939052,127.06236678
3458,,,,,1411.0,451.0,1411.0,451.0,3458,??????,37.51214896,126.94021238
2456,,,,,169.0,,169.0,639.0,2456,??????(????)1,37.55864692,127.08777337
2464,,,,,537.0,17.0,57.0,,2464,?????ìô???,37.543996,127.03621407
2449,183.0,,,,,,,,2449,???????(????)2,37.56361141,127.03116849
1922,,,,,,,683.0,,1922,?????????,37.53030792,126.91903719
2487,,,,,29.0,559.0,89.0,579.0,2487,???????(????)1,37.5385787,127.05598897
2495,,,,,,,19.0,,2495,????????,37.55861857,127.01278646
1923,,,,,,,0.0,,1923,???Åö?(????),37.47863187,126.93065339
1924,,,,,187.0,,,,1924,????????,37.5207257,126.92268652
1832,,,,,,,179.0,,1832,????????,37.52000094,127.0495925
1926,,,,,157.0,,,,1926,??????????????(????)3,37.52283541,126.93199967
2471,,,,,247.0,,,,2471,??????????(????),37.5700117,127.08614088
2481,,,,,1189.0,,,,2481,??????,37.5449281,127.08845038
4553,,,,,55.0,35.0,,,4553,????(????)2,37.52515171,126.85032537
2451,245.0,245.0,,,,,,,2451,?????•Ï???(????)1,37.55836152,127.08016483
3125,213.0,213.0,113.0,113.0,,,,,3125,DMC????????,37.57675161,126.92013383
3590,,,,,825.0,345.0,825.0,55.0,3590,????????,37.60804854,127.00146108
3589,,,,,,121.0,,,3589,???????,37.60867149,126.99959538
3588,,,,,537.0,137.0,537.0,247.0,3588,???•‰ïP????,37.60972531,126.99651682
3595,,,,,109.0,599.0,109.0,599.0,3595,??????????(????),37.60267705,127.01348093
3085,,,,,345.0,,345.0,,3085,??????,37.59307254,127.03630234
3587,,,,,379.0,439.0,,439.0,3587,????3????•Ï???,37.60918674,127.00510553
3185,,,,,267.0,,627.0,37.0,3185,????2??????,37.50230521,127.11707024
3598,,,,,303.0,683.0,,273.0,3598,????????,37.59648156,127.01532312
3186,,,,,257.0,,627.0,27.0,3186,??????,37.59353198,127.09032729
3600,,,,,36001.0,36001.0,36001.0,36001.0,3600,????????????,37.61673614,127.00872806
3602,,,,,297.0,247.0,297.0,87.0,3602,??7????,37.52770564,126.86416954
3585,,,,,921.0,201.0,531.0,,3585,????4????•Ï???,37.61283174,127.00740156
3187,,,,,,,660.0,170.0,3187,?????,37.51753995,127.13185181
3610,,,,,439.0,669.0,439.0,669.0,3610,?????????(????),37.58695815,127.02348138
2231,,,,,,,,165.0,2231,?????????,37.54065955,127.14700231
3608,,,,,275.0,145.0,275.0,145.0,3608,??????(??),37.58903534,127.02240019
3607,,,,,893.0,163.0,483.0,,3607,?ï«??????,37.58707909,127.02073161
3188,,,,,,,729.0,,3188,?©™????????2??,37.51579442,127.1306615
3189,,,,,,,693.0,63.0,3189,????????,37.59416379,127.09320358
3612,,,,,63.0,,,,3612,????????(??),37.50798963,126.9645883
3613,,,,,36001.0,,36001.0,36001.0,3613,???????¨“?,37.59416134,127.02520968
3617,,,,,36001.0,36001.0,36001.0,36001.0,3617,???????,37.52096994,126.87064918
3614,,,,,,,719.0,59.0,3614,?????3???(??),37.59459427,127.02625033
3593,,,,,36001.0,36001.0,36001.0,36001.0,3593,????????????????,37.6056873,127.00918072
3611,,,,,,,,327.0,3611,?????,37.64024752,127.07315283
1294,,,,,,433.0,,,1294,?£⁄????•Ï???(????)2,37.47013274,126.93320708
1296,,,,,,,,,1296,?£⁄????•Ï???(????)1,37.46781252,126.93194108
3829,,,,,,,220.0,,3829,????,37.54419673,126.88308961
148,,,,,279.0,,,229.0,148,???,37.56536766,127.01620736
3811,,,,,,,,17.0,3811,?????????,37.51613339,126.86537851
4674,,,,,,,,,4674,?????13???????,37.51694772,127.0143924
3946,,,,,,36001.0,,,3946,?????,37.52290817,126.87289495
3304,,,,,,,159.0,229.0,3304,????????(??),37.60471449,127.08994168
3826,,,,,97.0,97.0,,97.0,3826,??•Ô???????,37.53612112,126.8819374
3823,,,,,315.0,685.0,315.0,1025.0,3823,??1??????(????),37.53533711,126.87971529
3830,,,,,,,193.0,463.0,3830,??????,37.53795097,126.88229774
4672,,,,,,347.0,,,4672,????????(??),37.51516929,127.00999896
4672,,,,,,339.0,,,4672,????????(??),37.51516929,127.00999896
3880,,,,,147.0,747.0,147.0,747.0,3880,??????¨“?????,37.63008178,127.07637859
3839,,,,,111.0,111.0,111.0,111.0,3839,??????????(????),37.52895269,126.87047108
3882,,,,,45.0,765.0,45.0,765.0,3882,???????•Ó????,37.62769739,127.07798609
3837,,,,,595.0,155.0,595.0,225.0,3837,???????????????,37.53212258,126.87521205
3838,,,,,,113.0,,,3838,??????(????)1,37.5299309,126.87085161
3808,,,,,97.0,987.0,97.0,247.0,3808,KEB?????????????(????),37.51654549,126.86160851
149,,,,,,,,843.0,149,??????,37.56533762,127.05470905
4697,,,,,,,,231.0,4697,?????????(??),37.47266464,127.03241391
3820,,,,,913.0,173.0,913.0,593.0,3820,???????(????),37.53018055,126.87584164
2229,,,,,36001.0,36001.0,36001.0,36001.0,2229,????????????,37.52734259,127.14196691
1219,,,,,,,,737.0,1219,????•Â???(????),37.47649124,126.96320199
2688,,,,,,,97.0,,2688,??????,37.54362085,127.00166576
2261,,,,,,,95.0,,2261,??????????,37.5047843,127.13883216
3665,,,,,,,33.0,113.0,3665,????3???£⁄?????,37.60988517,127.03569376
3666,,,,,,619.0,,,3666,?£—???(??),37.59015649,127.00658124
3667,109.0,1349.0,,719.0,,,,,3667,???????????(??),37.59427181,127.00852043
3689,,377.0,,,1027.0,,,,3689,?????(????)2,37.61926587,127.05794135
2476,379.0,,,,179.0,,,,2476,?????????,37.54561416,127.07858744
3852,36001.0,36001.0,,36001.0,36001.0,,,,3852,??????,37.53690815,126.86350509
4768,,,,,,,,,4768,??????????,37.54914604,126.81648205
3637,,,,,,,,1017.0,3637,???????(??),37.59445997,126.995123
3633,,,,,195.0,565.0,195.0,995.0,3633,?•‰?(??),37.60470406,126.98389994
2421,,,1161.0,671.0,,91.0,,,2421,??????????(????)1,37.54768672,127.07257689
4048,,,,,53.0,,,143.0,4048,??????,37.62995981,127.05405753
3362,,,621.0,,,,,,3362,??????????,37.60085193,127.06204604
3690,143.0,,,,,,813.0,,3690,???414??,37.6499249,127.06621715
2477,,,,,,,,261.0,2477,????•Â???,37.56360195,127.07849001
3591,,,,,,289.0,1039.0,,3591,?????????,37.60781847,127.00404333
4845,,,,,339.0,,,,4845,???????????,37.62029479,126.93204006
4838,,,,,,,,325.0,4838,????6R~????IC(??),37.49143624,127.09077542
3699,,,,,229.0,,,,3699,??????????,37.61071164,127.03348205
3685,,,,,,1053.0,,1053.0,3685,??1??????,37.5348832,126.87848993
3686,,,,,,,199.0,859.0,3686,?????????604??,37.60760829,127.0235205
3687,,,,,,989.0,,989.0,3687,???•Ó???????,37.60871417,127.02312359
3688,,,,,,,,,3688,????????,37.60994814,127.02269157
1283,,,,,,183.0,,,1283,??????????(????)2,37.48698733,126.9456182
200,,,,,1303.0,783.0,153.0,193.0,200,??????,37.51420795,126.91885613
199,,,,,79.0,989.0,,79.0,199,????????????,37.51935575,126.92643213
3140,,,,,119.0,79.0,119.0,769.0,3140,????(??),37.58514648,126.9229956
1307,,,,,,,,27.0,1307,????????????,37.47960979,126.96376689
569,,,,,40.0,920.0,40.0,,569,???7??,37.57003307,127.01587468
198,,,,,285.0,,,1135.0,198,????????????,37.51971636,127.02811679
1284,,,,,,911.0,,,1284,??????????,37.48689145,126.9448898
3788,,,,,383.0,903.0,383.0,,3788,???????,37.51164599,126.85007507
3786,,,,,351.0,901.0,351.0,901.0,3786,???•È??????,37.57103757,127.00375662
3762,,,,,,,,261.0,3762,?????????(??),37.61272011,127.04891177
3887,,243.0,,243.0,,,,,3887,???????,37.63434202,127.0718857
3818,,,,,915.0,355.0,915.0,,3818,??????????,37.51963415,126.85991347
3787,,,,,147.0,887.0,147.0,887.0,3787,?????????????????,37.57267295,127.00779434
3766,,,,,,,,9.0,3766,?À≠???(??),37.6084248,127.04730688
3765,,,,,,135.0,,,3765,???????????,37.60776513,127.04732337
3763,,,,,363.0,1003.0,,,3763,???????(??),37.61514413,127.05494507
3764,,,,,,,,31.0,3764,????©™?,37.66549433,127.07580223
3824,,,,,,269.0,,,3824,?????,37.53771836,126.88654951
3986,799.0,1269.0,,,,129.0,,129.0,3986,??????¨“???????,37.62891191,127.07134186
3985,,36001.0,,,,,,,3985,??????,37.64327042,127.06367024
631,,36001.0,,,,,,,631,?????????,37.45719599,126.8996044
2969,,509.0,,,,,,,2969,????3??,37.63717541,127.03664877
2978,,,,,,,,,2978,????????,37.56730042,126.8508627
2985,,36001.0,,,,,,,2985,???????,37.55899892,126.84519167
2963,36001.0,,,36001.0,,,,,2963,???????(????),37.64688503,127.04165791
2960,,36001.0,36001.0,,,,,,2960,?????????(????),37.65637123,127.04036443
2908,,,36001.0,36001.0,36001.0,,36001.0,,2908,???SK??????????,37.54020574,126.84150825
2958,,,,,1.0,,,,2958,??????,37.65175707,127.04158556
3984,36001.0,36001.0,36001.0,36001.0,,,,,3984,?????????,37.64358502,127.06478084
2968,36001.0,36001.0,36001.0,36001.0,,,,,2968,???????????,37.64115595,127.02521043
449,36001.0,,,,,,,,449,???ï˚?????,37.50962697,126.96297157
2989,,,233.0,,1123.0,253.0,1123.0,173.0,2989,??????,37.55956849,126.85006476
3983,,,36001.0,,,,,,3983,??????(????)2,37.62608183,127.07410984
1207,,,,36001.0,,,,,1207,??????¨“?(??),37.59281023,126.93460959
4822,,,,,,36001.0,,,4822,???????????(??),37.47707173,127.05567287
492,,,,,,36001.0,36001.0,,492,???????,37.60453757,127.01167624
653,,,,,,36001.0,36001.0,36001.0,653,?????ìô????,37.52917569,127.0337776
3000,,,36001.0,36001.0,36001.0,,36001.0,,3000,??????¨“?,37.57626778,126.80919437
2999,,36001.0,,,,,,,2999,???503????,37.57621886,126.81146366
1375,36001.0,,,,,,,,1375,????????,37.48648945,126.92297319
3054,36001.0,36001.0,36001.0,36001.0,,,,,3054,???????(????),37.58327062,126.90634612
109,36001.0,,36001.0,36001.0,,,,,109,????????,37.49680508,126.90829675
3010,36001.0,,,,,,,,3010,???????,37.56360728,126.81055185
3006,36001.0,36001.0,36001.0,36001.0,,,,,3006,?????????,37.57925098,126.81068959
3980,36001.0,36001.0,36001.0,36001.0,,,,,3980,????????????(????),37.62349469,127.07370042
3981,,36001.0,,,,,,,3981,??????????(????),37.62103776,127.07452552
3982,36001.0,36001.0,,36001.0,,,,,3982,??????????,37.61995139,127.07487906
79,,,,,,,,279.0,79,????????(????)2,37.60744127,126.91526548
81,,,,,655.0,,,,81,?ÙŸ???,37.60849252,126.92869662
302,,,,,,36001.0,,,302,????????????,37.59015582,127.06236461
369,36001.0,36001.0,,,,,,,369,??????1??,37.56602379,126.9826896
3840,,,36001.0,36001.0,,,,,3840,??????????,37.52827092,126.87035939
1446,,,,,,36001.0,36001.0,,1446,?®˘??????(????),37.49088122,126.82753776
2203,,,36001.0,36001.0,,,,,2203,?©™????????2??,37.52400145,127.12797971
35,36001.0,,,,,,,,35,???????,37.61241725,126.91533037
49,36001.0,,36001.0,36001.0,,,,,49,?????????,37.58825246,127.05374352
2979,,36001.0,,,,,,,2979,??????(????)2,37.56867279,126.84930542
2955,,,,36001.0,36001.0,,36001.0,,2955,?????????,37.65943847,127.04111641
2952,,,,,,,,36001.0,2952,???¨·?,37.66704687,127.04318682
2950,,36001.0,36001.0,,,,,,2950,????????,37.67749344,127.04496539
3018,,,,36001.0,,,,,3018,???????,37.53104922,126.85282449
3361,,,,36001.0,,,,,3361,????????????,37.59749234,127.06086583
1123,36001.0,36001.0,36001.0,36001.0,,,,,1123,??????©¶???????,37.5009325,127.02230617
3024,,,,36001.0,,,,,3024,?????????,37.55496394,126.81694505
3050,,,,36001.0,,,,,3050,?????????,37.60241838,126.92645377
1460,237.0,,537.0,,,,,,1460,????3?????????,37.48828633,126.88956275
3008,,,,36001.0,,,,,3008,?????,37.57862266,126.81323354
4042,,,,36001.0,,,,,4042,???8????,37.64757855,127.07426046
4973,,,36001.0,,,,,,4973,?????????(??)1,37.55336906,127.02052675
2975,,,36001.0,,,,,,2975,????3????(????)1,37.56601472,126.85241667
2974,,,36001.0,,,,,,2974,????3????,37.56512982,126.85367321
2972,,,,36001.0,,,,,2972,????3????(????)3,37.56419517,126.8554411
3303,,,,36001.0,,,,,3303,?????????,37.59150359,127.07305113
3001,36001.0,36001.0,36001.0,,,,,,3001,???????????,37.57616584,126.81336576
235,36001.0,36001.0,36001.0,,,,,,235,????????????,37.61021438,126.91901968
2573,,,,36001.0,,,,,2573,????•‰?????,37.53465206,126.89675187
160,,,36001.0,,,,,,160,????,37.50082302,127.03690755
3476,,,,36001.0,,,,,3476,???•·????????(????),37.57838637,127.05725205
655,,,,,,36001.0,,,655,?????????,37.50388526,126.97563823
3031,,,,,,36001.0,,,3031,????????????????,37.5509008,126.81425339
2961,36001.0,,36001.0,36001.0,,,36001.0,,2961,?1????•Ï???,37.64808977,127.04379332
2949,36001.0,36001.0,36001.0,36001.0,,,,,2949,???????????,37.68352459,127.04600118
2948,,36001.0,,,,,,,2948,?????Ög,37.68902035,127.04556574
2947,36001.0,36001.0,36001.0,36001.0,,36001.0,,,2947,?????????,37.69048508,127.04535689
2971,1244.0,14.0,1864.0,684.0,,,,,2971,???????(????)1,37.5626222,126.85834809
2982,,1099.0,,,,,,,2982,??????,37.56960292,126.84679138
2983,847.0,1547.0,107.0,107.0,,,,,2983,???2????(????)1,37.57027513,126.8443845
3003,,36001.0,,36001.0,,,,,3003,?????????,37.57613544,126.81680149
2410,,466.0,,,,,,,2410,???????,37.53346099,127.08477682
2215,,,,,,,,,2215,???????????,37.53529565,127.13430849
3032,,36001.0,36001.0,36001.0,,,,,3032,????????,37.55267978,126.85327662
2951,36001.0,,36001.0,36001.0,,,36001.0,,2951,??????????????,37.6743221,127.04440977
3023,,36001.0,,,,,,,3023,?????????,37.56495459,126.84547445
3022,145.0,145.0,605.0,605.0,,,,,3022,?????????,37.56501055,126.84033391
3046,36001.0,,,,,,,,3046,???¢Ø?,37.56911739,126.91522863
2214,36001.0,36001.0,,,,36001.0,,36001.0,2214,?????????????,37.54126108,127.12436514
2216,,,,,36001.0,,,,2216,?¯™???ï˚??,37.53514594,127.13899534
3004,36001.0,,,,,,,,3004,???3??????,37.57603901,126.81816643
3002,36001.0,36001.0,36001.0,36001.0,,,,,3002,???????????(????),37.57616383,126.81402661
3199,36001.0,36001.0,36001.0,36001.0,,,,,3199,????????(????)2,37.58890813,127.08989635
4911,,,,,36001.0,,,,4911,?œΩ???????(????)1,37.58011345,126.98504459
2290,,,,,,36001.0,36001.0,,2290,??????????,37.53098002,127.13747402
2212,36001.0,36001.0,36001.0,36001.0,,,,,2212,???,37.5501354,127.12755173
3011,,36001.0,36001.0,36001.0,,,,,3011,??????????,37.56546345,126.8118466
3021,36001.0,36001.0,,,,36001.0,,36001.0,3021,???ïõ?????,37.5344684,126.83806339
2417,,36001.0,,,,,,,2417,?????Ög,37.55142639,127.08991419
2953,36001.0,36001.0,36001.0,36001.0,,,,,2953,??????°¿???,37.66459692,127.04275195
2988,,,,,36001.0,36001.0,36001.0,36001.0,2988,????8??????,37.56224134,126.85107464
2987,,36001.0,,,,,,,2987,?ïõ?????????,37.56355945,126.84829301
2954,,,15.0,15.0,795.0,,795.0,,2954,???¨“?????,37.66161279,127.04222887
2946,36001.0,36001.0,36001.0,36001.0,,,,,2946,???????,37.56161874,126.86012934
2965,,36001.0,,,,,,,2965,??????????,37.64651266,127.03345726
2967,36001.0,,36001.0,36001.0,,,36001.0,,2967,????3???????,37.64098582,127.02884064
3876,,36001.0,,,,,,,3876,????????,37.6393868,127.06929571
2219,36001.0,36001.0,36001.0,36001.0,,,,,2219,?¯™???(????)1,37.53790948,127.14001388
2219,36001.0,36001.0,36001.0,36001.0,,,,,2219,?¯™???(????)1,37.53790948,127.14001388
173,,36001.0,,,,,,,173,??????,37.54924511,126.91336884
2981,,,,,36001.0,,,,2981,???2????,37.57002569,126.84527757
2984,36001.0,36001.0,,,,36001.0,,36001.0,2984,???2????(????)2,37.57063857,126.8429962
2956,36001.0,36001.0,36001.0,36001.0,,,,,2956,???????????,37.65429574,127.03808013
3020,,36001.0,,36001.0,,,,,3020,??????????,37.55442422,126.81914631
3019,36001.0,36001.0,36001.0,36001.0,,,,,3019,???•Í???(????),37.53186771,126.85911012
176,36001.0,,,,,,,,176,??Ög,37.53390405,126.90192412
3053,1243.0,,,,,,,,3053,??????,37.58518412,126.92326482
2217,36001.0,36001.0,36001.0,36001.0,,,,,2217,??????????????,37.53680146,127.13503907
2287,,36001.0,,,,,,,2287,???????????,37.55471052,127.14892822
2287,,36001.0,,,,,,,2287,???????????,37.55471052,127.14892822
3211,36001.0,36001.0,36001.0,36001.0,,,,,3211,?????,37.58464064,127.08842137
2207,36001.0,36001.0,36001.0,36001.0,,,,,2207,?????????,37.52560219,127.13544699
3052,36001.0,36001.0,,,,,,,3052,??????????,37.58413578,126.92437259
3051,36001.0,36001.0,,,,,,,3051,?????????(????),37.58028471,126.92813234
3007,36001.0,36001.0,36001.0,36001.0,,,,,3007,????????,37.57998925,126.81374076
175,36001.0,,,,,,,,175,???????,37.53594209,126.89782775
329,,,36001.0,,,,,,329,??????,37.61585635,127.07008323
800,36001.0,36001.0,36001.0,,,,,,800,?????????5??(????),37.55631102,126.94049711
1850,715.0,,415.0,415.0,,,,,1850,??????,37.51145241,127.06177726
2691,569.0,569.0,,,,,,,2691,?????????,37.54264576,126.9922649
1619,,,,,,,,291.0,1619,????,37.49579121,126.90845526
1537,,,,,233.0,133.0,233.0,133.0,1537,???????(????),37.50606813,126.85820731
929,,,,,,,,36001.0,929,?????????????,37.54916334,126.93912518
1574,,,773.0,,,,,,1574,????????????,37.4916736,126.8559611
3180,30.0,30.0,,,,,,1310.0,3180,???????¨“?,37.58916339,127.07353088
1814,,,,165.0,,,,,1814,????2??????,37.50043762,127.04376567
1818,,,173.0,,,,,,1818,??????(????)1,37.52167177,127.03962012
1839,233.0,233.0,,,,,,,1839,????????107??,37.48987821,126.95353064
1863,189.0,189.0,899.0,899.0,,,,,1863,???????,37.48105597,127.05374051
1620,,,65.0,,,,,,1620,????????(????),37.49789166,126.90818731
1819,505.0,505.0,405.0,405.0,,,,,1819,??????,37.52064379,127.04001777
1817,219.0,219.0,219.0,219.0,,,,,1817,??????,37.5246492,127.03958055
1821,853.0,853.0,313.0,313.0,,,,,1821,?????????(????),37.51614729,127.04165771
1812,,,69.0,1219.0,779.0,,69.0,,1812,??????,37.48594779,126.94694592
1865,,,36001.0,36001.0,36001.0,,36001.0,,1865,????????????????,37.4787632,127.04748126
4762,811.0,,1.0,,,,,,4762,???????(??),37.50342557,127.1161306
4760,,,875.0,,,,,,4760,??????????(????)1,37.51109868,127.10701465
4761,,,181.0,,,,,,4761,????2???£⁄A(??),37.50495916,127.12029199
4763,,,13.0,,,,,,4763,????????,37.50837722,127.13048616
1816,,,795.0,,,,,,1816,???????????(????)2,37.49552552,127.04608993
157,,,,161.0,,,,,157,?ïX??????,37.51356321,126.94023585
1820,811.0,811.0,361.0,311.0,,,,,1820,??????(????)2,37.51924516,127.04051117
4765,,,277.0,,,,,,4765,???????(??),37.50798628,127.1367452
4764,,,119.0,,,,,,4764,??????????(??),37.50844355,127.14051907
2588,,109.0,,,,,,,2588,???????????,37.52406108,126.89625415
2697,,93.0,,,,,,,2697,"1,2??????",37.53475812,126.98075715
4552,,,153.0,,,,,,4552,??????????????,37.51909579,126.85339778
640,,,949.0,,,,,,640,??????????,37.49550969,126.95433207
151,325.0,325.0,245.0,1005.0,,,,,151,???????,37.54803841,127.02577397
2580,497.0,497.0,497.0,497.0,,,,,2580,????????,37.52260957,126.88778294
2428,,,,,1333.0,133.0,,,2428,????????,37.53788254,127.08906229
3457,,,,,1225.0,,,,3457,?????????,37.56693038,127.06222908
2308,,,,,,427.0,,,2308,????1????•Ï???,37.49037399,127.12411139
1867,,,,,,377.0,,,1867,????4??(??????),37.49986106,127.14165439
1830,573.0,573.0,573.0,573.0,,,,,1830,???2?????,37.52250399,127.04826842
156,,,,,,,123.0,,156,????????????,37.52611096,126.90285104
1851,435.0,,,,,,,,1851,??????????,37.49840041,127.06888795
1999,979.0,,299.0,539.0,,,,1439.0,1999,??????(????)2,37.4876298,127.10263932
3126,329.0,329.0,,239.0,,,,,3126,DMC????????????,37.57856415,126.92247652
1857,313.0,,,,,,,,1857,????5??,37.48907721,127.06600733
3225,,,,,,,,205.0,3225,?ïü??????,37.58298272,127.09353432
1813,,85.0,85.0,85.0,,,,,1813,??????(????),37.48488912,126.9467297
1815,,595.0,1505.0,,,,,,1815,?ØC??????,37.49665992,127.0455706
2262,,35.0,335.0,,,,,,2262,????????102????(????),37.55571575,127.15860885
1463,,,,,36001.0,36001.0,,,1463,?ïõ??,37.4922467,126.89571132
3068,,,,,,,499.0,,3068,?•Î??????,37.63482847,127.02551287
1826,,,571.0,571.0,1201.0,,1201.0,,1826,???????????,37.49878496,127.05170558
111,,,,36001.0,,,,,111,?ïõ?±p2???????,37.49484422,126.89994154
616,,529.0,529.0,529.0,,,,,616,??????????,37.5012788,126.98669772
3331,36001.0,,36001.0,36001.0,,,,,3331,?????(??),37.59973441,127.0814924
1864,,,35.0,35.0,,,,,1864,???????????,37.48317762,127.05260334
158,,,691.0,1281.0,,,,,158,??????,37.51110133,127.02132978
1854,,919.0,,,,,,,1854,??????????,37.49255998,127.07625495
917,889.0,889.0,889.0,889.0,,,,,917,?????????????????,37.5501034,126.94390212
1843,36001.0,,,,,,,,1843,???????¨“?,37.49228767,126.9489679
1611,,53.0,,,,,,,1611,?óµ???,37.50232898,126.90433225
1506,271.0,271.0,271.0,271.0,,,,,1506,??????,37.49900783,126.89605757
3558,,969.0,,,,,,,3558,?????????,37.59044954,127.01695077
4545,,,,,,,,,4545,??????,37.52740422,126.85604287
2872,773.0,,143.0,63.0,,,,,2872,????????,37.53924041,126.82408277
2875,36001.0,36001.0,36001.0,36001.0,,,,,2875,?????,37.56450876,126.8062399
2876,639.0,639.0,9.0,9.0,,,,,2876,?????????????,37.56769944,126.80521756
2884,33.0,,,,,133.0,,133.0,2884,????????????,37.55024106,126.87304101
2901,,,,,759.0,,,69.0,2901,????????(????)2,37.57339218,126.81557176
2878,263.0,193.0,1153.0,1223.0,,,,,2878,????????,37.57904398,126.79973887
1835,529.0,,169.0,169.0,,,,,1835,????????,37.5105879,127.05465019
2896,1440.0,1440.0,,,,250.0,,250.0,2896,?????????????,37.57293956,126.82636251
2905,,,,217.0,,,,,2905,????Ög(????)2,37.57213533,126.80744282
2907,,441.0,381.0,,,,,,2907,?????•Í??,37.53863578,126.84248793
2906,305.0,,755.0,,,,,,2906,??????(????),37.52960864,126.84793746
2904,,,,,,,,,2904,????Ög(????)1,37.57260139,126.80597576
3266,,380.0,,,,,,,3266,??????,37.5844478,127.08354288
2900,,,,,,,,,2900,????????,37.57334116,126.81674715
2899,,,,,,,,139.0,2899,????????(????)1,37.57336083,126.81810911
1929,,,36001.0,,,,,,1929,?????????,37.51798188,126.92429586
793,,,,,,,,36001.0,793,?????,37.59114517,126.91590659
2895,,36001.0,36001.0,,,,,,2895,????????????(??),37.57260486,126.83238407
2407,,,,,,,313.0,,2407,???????,37.54755638,127.08806688
2897,687.0,207.0,687.0,207.0,,,,,2897,??????????,37.5732598,126.82257269
2877,,,,27.0,,,,,2877,???119????????,37.57488927,126.80254475
2864,,,,,,,,,2864,?????????????????(??),37.58517863,126.88130105
2867,,,,,369.0,389.0,,,2867,?????,37.55796961,126.84459567
2823,,,,,36001.0,36001.0,36001.0,36001.0,2823,?????????,37.5310176,127.00610646
2829,,,,,131.0,201.0,,,2829,???????(??),37.52644033,126.99648963
3265,,,,,,919.0,,,3265,???????????,37.58301163,127.08393098
2910,200.0,,900.0,,,,,,2910,?????????,37.54626841,126.83643869
2879,219.0,219.0,279.0,279.0,,,,,2879,????ìô????,37.58086902,126.79846121
2865,503.0,503.0,93.0,93.0,,,,,2865,???????,37.56107808,126.8135461
2830,,,,,1217.0,,,717.0,2830,????ìô???(??),37.51857432,126.98344362
2889,1117.0,1117.0,,,,,,,2889,??????????????,37.55949766,126.85810313
2902,,,,,,183.0,,,2902,???1??????,37.57345278,126.81395378
2817,,,,,,,,479.0,2817,?????????(??),37.53978877,126.99166667
2886,,,,,,29.0,,,2886,?????????????,37.55509161,126.86573127
2885,,,71.0,71.0,1.0,,1.0,,2885,?£⁄??????????,37.5541745,126.86730434
4781,,,,397.0,,,,,4781,?????????,37.48085468,127.13317587
2912,,,,439.0,,,,,2912,????Ög(????),37.54947952,126.83634203
2871,1127.0,127.0,387.0,,,,,,2871,?????,37.54711228,126.87762427
3146,,,,,,,,549.0,3146,???????,37.60062217,127.10611182
2870,999.0,999.0,339.0,559.0,,,,,2870,?œΩ??,37.54755083,126.87110013
1921,,,,,,493.0,,,1921,??????????????(????)1,37.52325729,126.93276022
2869,,,217.0,217.0,967.0,,967.0,,2869,??????,37.55278798,126.86103874
2819,,,,,,485.0,,,2819,?????????????,37.53641095,127.01170475
2822,721.0,721.0,151.0,151.0,,,,,2822,?????????(????),37.53184069,127.00571593
2913,,,,36001.0,,,,,2913,??????????,37.55080223,126.8363575
3967,180.0,180.0,180.0,180.0,,,,,3967,????????,37.62576532,127.05201746
2866,,,111.0,111.0,,,,,2866,?????????,37.56076719,126.81653502
458,293.0,293.0,263.0,293.0,,,,,458,?????•Í???,37.60045295,126.92228443
2862,765.0,765.0,765.0,765.0,,,,,2862,??????7??????????(??),37.56141193,126.90171053
2696,,,,,,197.0,,,2696,????•Ô???,37.53472675,126.97890605
2903,,,,,,,,,2903,????Ög,37.57276301,126.80741756
4755,,,,360.0,,,,,4755,??????????,37.50098795,127.12388618
2117,,,,,277.0,857.0,207.0,1307.0,2117,?????,37.49303466,127.14438174
2638,237.0,,167.0,1017.0,,,,,2638,??????,37.5462573,126.97038574
734,,,,1117.0,,97.0,,,734,?????,37.58826072,126.97232851
2359,,36001.0,,36001.0,,,,,2359,?£⁄?????????,37.54331373,127.10229801
1971,,,36001.0,,,,,,1971,????????,37.4929126,127.01107683
2382,,,,,,1185.0,,,2382,??????,37.53815002,127.05761069
2582,,,,,,,36001.0,1143.0,2582,GS?????????,37.52107353,126.88975073
932,,,,,,36001.0,36001.0,36001.0,932,??????,37.55595857,126.91021247
1963,,,,,,25.0,,,1963,?????,37.51793677,126.88434411
2423,583.0,583.0,3.0,533.0,,,,,2423,???????????????,37.54325384,127.0604213
2374,127.0,127.0,57.0,,,,,,2374,????????????,37.53552415,127.09406109
3392,,,,69.0,,,,,3392,???????,37.56123083,127.07111775
1383,,,99.0,,,,,,1383,?????????????,37.4836982,126.90761643
910,,,1459.0,,,,,,910,??????©≠?????,37.57519719,126.89576637
2378,36001.0,36001.0,,,,36001.0,,36001.0,2378,???????,37.53145782,127.08251379
2340,,,36001.0,,,,,,2340,??????????,37.54726906,127.07417789
2326,,,36001.0,,,,,,2326,????,37.54575754,127.13955004
2352,,,36001.0,,,,,,2352,?¯™???,37.54419031,127.04956
2393,,,,111.0,991.0,291.0,991.0,291.0,2393,???1??????,37.56315936,127.07975707
2040,,,,,,,,,2040,??2??,37.50429186,127.07628297
2349,,,,,9.0,,9.0,1249.0,2349,???????,37.54181484,127.04427618
2342,,,,,,1223.0,,,2342,???ìô??????(????),37.53121437,127.08634339
2379,,309.0,,229.0,,,,,2379,????,37.53200687,127.07961694
186,,,,,,,,,186,?????????,37.49933968,126.90854711
1224,303.0,243.0,653.0,653.0,,,,,1224,??????????(????),37.48254253,126.94919844
1225,,,,600.0,,,,,1225,??????????(????)2,37.4826776,126.94782635
1226,57.0,,437.0,827.0,,,,,1226,??????????,37.48279779,126.94646353
1228,,91.0,36001.0,911.0,,,,,1228,??????????(????)1,37.4829676,126.94495837
1229,,,563.0,,,,,,1229,?????????,37.48308366,126.94377647
3930,,,609.0,,,,,,3930,???????(????),37.53937396,126.82718849
1230,,,607.0,,,,,,1230,???????(????)2,37.48315607,126.9430743
1069,267.0,267.0,867.0,867.0,,,,,1069,???????,37.51064715,127.01981022
2264,591.0,191.0,,,,191.0,,591.0,2264,?¯™??????????,37.53649517,127.14833117
2430,36001.0,36001.0,36001.0,36001.0,,,,,2430,?£⁄?????????(????)2,37.54387036,127.10316252
1168,,,,,103.0,,183.0,,1168,???????,37.55251048,126.95623678
645,,,,,141.0,,,141.0,645,?????????°¿???,37.57192974,127.04417591
2705,,,36001.0,36001.0,36001.0,,36001.0,,2705,????????,37.53829674,127.00158411
985,,,,,36001.0,36001.0,,36001.0,985,??????,37.55148995,127.04411333
858,,,,,36001.0,36001.0,36001.0,36001.0,858,???????????,37.55664706,126.97430128
648,,,,,,1247.0,,,648,????2??,37.56119046,126.98905093
643,,,,,125.0,,,,643,???•Â????¨’??????,37.48258609,126.90121021
644,,311.0,,,,,,,644,??ÓË,37.63596105,127.06821308
423,,,,,,23.0,,,423,????????,37.61898713,126.93267887
420,,,,,360.0,290.0,360.0,90.0,420,????????????103??,37.63457694,126.91897879
432,,,,,161.0,101.0,161.0,961.0,432,????????,37.60147957,126.92712639
430,,,,,,1080.0,,,430,??????????,37.64919223,127.06956635
429,36001.0,36001.0,,,36001.0,,36001.0,,429,?????????,37.5997559,126.91896307
427,,,,,,107.0,,,427,????ÇÈ???(????),37.61082928,126.94146324
425,,,,,,111.0,,,425,????????,37.61430771,126.91012608
426,,,,,,211.0,271.0,,426,??????????,37.6154802,126.90857577
424,,,,,219.0,1049.0,219.0,,424,?????´ï?????,37.61731162,126.90664953
672,,,,,,,163.0,,672,???????,37.57256466,126.99155072
673,,,471.0,,,471.0,471.0,,673,????,37.57566666,126.99063341
671,,,,,181.0,,,,671,?????,37.57057963,126.99537569
4789,,,,,,127.0,1047.0,,4789,???????103??(??),37.4912704,127.1456558
212,,,,,729.0,69.0,409.0,,212,????????????,37.61365533,126.92467062
215,251.0,,,,,201.0,,,215,?????,37.61096344,126.92949454
2479,,,,,,,402.0,,2479,?????????,37.55880738,127.07533659
748,1093.0,,,153.0,,,,,748,???????,37.56540917,126.90148722
467,1129.0,,,,,,,,467,????????,37.59308193,127.07272231
3148,,,,,773.0,,773.0,,3148,????????,37.60032958,127.11198992
1109,,,,,1057.0,127.0,1057.0,127.0,1109,???????????,37.4885037,127.02823373
3150,,,,,,,36001.0,,3150,??????,37.61422822,127.07677567
3149,,1003.0,,,,,,,3149,?ØC?????¢¨???????,37.61554546,127.07635992
1426,,821.0,,,,,,,1426,????????¨’?????(????),37.48063569,126.88335504
468,,,,,36001.0,36001.0,36001.0,36001.0,468,?????,37.59156609,127.06721876
3864,,,,,789.0,,,139.0,3864,???????,37.61830357,127.07376972
470,,,,,1013.0,223.0,93.0,153.0,470,????1??,37.57602347,127.04756619
1648,,,,,1099.0,289.0,879.0,,1648,?????©£???,37.5052457,126.94456112
1649,769.0,,,,,,,,1649,?ïõ???•Ï???,37.50482482,126.94624503
742,,,,,,,,20.0,742,???ï«???,37.5730568,126.93556529
2474,,,,,,877.0,337.0,877.0,2474,???????(????),37.56209695,127.07526218
2431,,,,,255.0,655.0,,,2431,?????????(????),37.54005323,127.0504232
2445,,,,,,569.0,329.0,,2445,????•Ó????105????,37.55829501,127.03875359
2415,,,,,387.0,417.0,,,2415,??•·??,37.55450623,127.08628345
1662,,,,,,,335.0,,1662,????????,37.50133421,126.9492296
2435,,,,,,370.0,,,2435,???????,37.53437744,127.07168003
3962,,,,,,,761.0,,3962,"???3,4????•Ï???",37.67211657,127.08286784
2458,,,709.0,709.0,,,,,2458,????????,37.54857831,127.08912313
2444,,,895.0,,,,,,2444,?????????????????,37.56426665,127.08340067
2500,,,,,,,,,2500,???119????????,37.55311866,127.00942761
2457,,,,,289.0,,,,2457,??????(????)2,37.55773251,127.08791424
2470,,,,,,761.0,,,2470,?????(????)2,37.56075527,127.08747398
2419,,,,,,29.0,769.0,,2419,?????????????,37.54948056,127.05610473
2408,,,,,,,67.0,,2408,??????????,37.54262637,127.08425459
2434,,,,,311.0,371.0,311.0,,2434,?????????,37.53480855,127.07011559
2443,,,,785.0,,,,,2443,????2??(????),37.53939052,127.06236678
3458,,,,,1421.0,461.0,1421.0,461.0,3458,??????,37.51214896,126.94021238
2456,,,,,180.0,,180.0,650.0,2456,??????(????)1,37.55864692,127.08777337
2464,,,,,547.0,27.0,67.0,,2464,?????ìô???,37.543996,127.03621407
