Intersection ID,East,West,South,North,Northeast,Southeast,Southwest,Northwest
4761,,,161.0,,,,,
4764,,,99.0,,,,,
2588,,89.0,,,,,,
21619,,,,,,,,271.0
2876,619.0,619.0,1329.0,1329.0,,,,
2901,,,,,739.0,,,49.0
2878,243.0,173.0,1133.0,1203.0,,,,
1946,,,,,,,,
2896,1420.0,1420.0,,,,230.0,,230.0
2900,,,,,,,,
2407,,,,,,,293.0,
4755,,,,340.0,,,,
2382,,,,,,1165.0,,
1383,,,79.0,,,,,
1226,39.0,,419.0,809.0,,,,
2430,36001.0,36001.0,36001.0,36001.0,,,,
402,,,36001.0,36001.0,36001.0,,36001.0,
20414,,36001.0,,,,,,
426,,,,,,191.0,251.0,
673,,,451.0,,,451.0,451.0,
4789,,,,,,107.0,1027.0,
467,1107.0,,,,,,,
1109,,,,,1035.0,105.0,1035.0,105.0
470,,,,,993.0,203.0,73.0,133.0
20470,,,,,995.0,,,
1923,,,,,,,369.0,
3955,,,,,1475.0,55.0,,55.0
4553,,,,,47.0,27.0,,
1296,,,,,,,,
3828,,,,,989.0,69.0,989.0,69.0
4674,,,,,,,,
3826,,,,,87.0,87.0,,87.0
1219,,,,,,,,727.0
2688,,,,,,,87.0,
2261,,,,,,,85.0,
3665,,,,,,,23.0,103.0
3633,,,,,185.0,555.0,185.0,985.0
23600,,,,,,,,36001.0
4838,,,,,,,,315.0
22421,,,,,,,,669.0
1283,,,,,,173.0,,
3765,,,,,,125.0,,
24822,,,,,,,,36001.0
653,,,,,,36001.0,36001.0,36001.0
23014,,,,,,,36001.0,
3000,,,36001.0,36001.0,36001.0,,36001.0,
23305,,,,36001.0,,,,
3006,36001.0,36001.0,36001.0,36001.0,,,,
3980,36001.0,36001.0,36001.0,36001.0,,,,
3981,,36001.0,,,,,,
23969,180.0,,,,,,,
79,,,,,,,,269.0
22960,,36001.0,,,,,,
369,36001.0,36001.0,,,,,,
3840,,,36001.0,36001.0,,,,
1446,,,,,,36001.0,36001.0,
2952,,,,,,,,36001.0
32952,,,,,,,36001.0,
2950,,36001.0,36001.0,,,,,
3018,,,,36001.0,,,,
1123,36001.0,36001.0,36001.0,36001.0,,,,
4973,,,36001.0,,,,,
2975,,,36001.0,,,,,
2974,,,36001.0,,,,,
3001,36001.0,36001.0,36001.0,,,,,
23028,,,,,,,,36001.0
23033,,,582.0,,,,,
2961,36001.0,,36001.0,36001.0,,,36001.0,
2948,,36001.0,,,,,,
2947,36001.0,36001.0,36001.0,36001.0,,36001.0,,
22947,,36001.0,,,,,,
22966,,36001.0,,,,,,
3032,,36001.0,36001.0,36001.0,,,,
3040,36001.0,,,,,,,
2951,36001.0,,36001.0,36001.0,,,36001.0,
2214,36001.0,36001.0,,,,36001.0,,36001.0
2216,,,,,36001.0,,,
3004,36001.0,,,,,,,
23045,,36001.0,,,,,,
2417,,36001.0,,,,,,
2953,36001.0,36001.0,360.0,360.0,,,,
3030,,,,,36001.0,36001.0,36001.0,36001.0
2946,36001.0,36001.0,36001.0,36001.0,,,,
2967,36001.0,,36001.0,36001.0,,,36001.0,
173,,36001.0,,,,,,
32984,36001.0,,,,,,,
2956,36001.0,36001.0,36001.0,36001.0,,,,
3019,36001.0,36001.0,36001.0,36001.0,,,,
3049,36001.0,36001.0,,,,36001.0,,36001.0
3211,36001.0,36001.0,36001.0,36001.0,,,,
3051,36001.0,36001.0,,,,,,
800,36001.0,36001.0,36001.0,,,,,
1850,703.0,,403.0,403.0,,,,
2691,559.0,559.0,,,,,,
1619,,,,,,,,281.0
1537,,,,,223.0,123.0,223.0,123.0
929,,,,,,,,36001.0
1574,,,763.0,,,,,
3180,21.0,21.0,,,,,,1301.0
1814,,,,155.0,,,,
1818,,,165.0,,,,,
1839,223.0,223.0,,,,,,
1863,179.0,179.0,889.0,889.0,,,,
1620,,,57.0,,,,,
1819,495.0,495.0,395.0,395.0,,,,
1817,209.0,209.0,209.0,209.0,,,,
1821,843.0,843.0,303.0,303.0,,,,
21821,,91.0,,,,,,
1812,,,59.0,1209.0,769.0,,59.0,
1865,,,36001.0,36001.0,36001.0,,36001.0,
4762,803.0,,3.0,,,,,
4760,,,867.0,,,,,
4761,,,171.0,,,,,
4763,,,3.0,,,,,
1816,,,785.0,,,,,
157,,,,161.0,,,,
1820,801.0,801.0,351.0,301.0,,,,
4765,,,267.0,,,,,
4764,,,109.0,,,,,
2588,,99.0,,,,,,
22588,,,,,,,,
2697,,83.0,,,,,,
4552,,,143.0,,,,,
640,,,939.0,,,,,
151,315.0,315.0,235.0,995.0,,,,
2580,497.0,497.0,497.0,497.0,,,,
2428,,,,,1323.0,123.0,,
3457,,,,,1215.0,,,
20985,,,,,,36001.0,,
2308,,,,,,417.0,,
1866,,,,,415.0,415.0,,415.0
1867,,,,,,365.0,,
1830,563.0,563.0,563.0,563.0,,,,
21830,,563.0,,,,,,
156,,,,,,,113.0,
1851,423.0,,,,,,,
1999,969.0,,289.0,529.0,,,,1429.0
21999,969.0,,,,,,,
3126,317.0,317.0,,227.0,,,,
1857,301.0,,,,,,,
21857,,,,193.0,,,,
3225,,,,,,,,199.0
1813,,75.0,75.0,75.0,,,,
1815,,583.0,1493.0,,,,,
2262,,25.0,325.0,,,,,
22262,,,,,,325.0,,
1463,,,,,36001.0,36001.0,,
3068,,,,,,,487.0,
23068,,,,,489.0,,,
1826,,,561.0,561.0,1191.0,,1191.0,
111,,,,36001.0,,,,
616,,520.0,520.0,520.0,,,,
21946,,,,36001.0,,,,
3331,36001.0,,36001.0,36001.0,,,,
1864,,,21.0,21.0,,,,
158,,,681.0,1271.0,,,,
23967,171.0,,171.0,171.0,,,,
22866,,,103.0,693.0,,,,
1854,,910.0,,,,,,
917,879.0,879.0,879.0,879.0,,,,
1843,36001.0,,,,,,,
1611,,41.0,,,,,,
21611,990.0,990.0,,990.0,,,,
1506,261.0,261.0,261.0,261.0,,,,
22580,129.0,,,,,,,
3558,,959.0,,,,,,
2625,,953.0,,,,,,
21816,165.0,,,,,,,
31816,165.0,,,,,,,
51816,,163.0,,,,,,
21619,,,,,,,,281.0
31821,,,,293.0,,,,
21865,,,,,,36001.0,,
31865,,,,,,36001.0,,
41865,,,,,,36001.0,,
24761,,,163.0,,,,,
41816,,,785.0,,,,,
24765,,,267.0,,,,,
4545,,,,,,,,
2872,763.0,,133.0,53.0,,,,
2875,36001.0,36001.0,36001.0,36001.0,,,,
2876,630.0,630.0,0.0,0.0,,,,
2884,23.0,,,,,123.0,,123.0
2901,,,,,750.0,,,60.0
2878,253.0,183.0,1143.0,1213.0,,,,
1835,520.0,,160.0,160.0,,,,
1946,,,,,,,,
2896,1432.0,1432.0,,,,242.0,,242.0
2905,,,,207.0,,,,
22905,,,,,,209.0,,
2907,,431.0,371.0,,,,,
2906,295.0,,745.0,,,,,
2904,,,,,,,,
3266,,370.0,,,,,,
2900,,,,,,,,
2899,,,,,,,,129.0
22899,,,,,,,,127.0
1929,,,36001.0,,,,,
793,,,,,,,,36001.0
2895,,36001.0,36001.0,,,,,
2407,,,,,,,303.0,
2897,679.0,199.0,679.0,199.0,,,,
2877,,,,17.0,,,,
2864,,,,,,,,
32864,,,,1055.0,,,,
52864,,,,1055.0,,,,
62864,,,,1055.0,,,,
2867,,,,,359.0,379.0,,
2823,,,,,36001.0,36001.0,36001.0,36001.0
22823,,,,,36001.0,,,
2829,,,,,121.0,191.0,,
3265,,,,,,907.0,,
2910,189.0,,889.0,,,,,
2879,209.0,209.0,269.0,269.0,,,,
2865,493.0,493.0,83.0,83.0,,,,
22865,,,,81.0,,,,
2830,,,,,1207.0,,,707.0
2889,1109.0,1109.0,,,,,,
2902,,,,,,171.0,,
22902,,,,,,171.0,,
32902,,,,,,171.0,,
2817,,,,,,,,467.0
2886,,,,,,19.0,,
2885,,,63.0,63.0,63.0,,63.0,
4781,,,,389.0,,,,
4781,,,,381.0,,,,
2912,,,,429.0,,,,
2871,1117.0,117.0,377.0,,,,,
22871,,,,375.0,,,,
3146,,,,,,,,539.0
2870,989.0,989.0,329.0,549.0,,,,
1921,,,,,,483.0,,
2869,,,207.0,207.0,957.0,,957.0,
2819,,,,,,475.0,,
2822,711.0,711.0,141.0,141.0,,,,
2913,,,,36001.0,,,,
31946,,,,36001.0,,,,
21835,,520.0,160.0,160.0,,,,
21850,,703.0,403.0,403.0,,,,
23331,,36001.0,36001.0,36001.0,,,,
21864,19.0,19.0,19.0,19.0,,,,
20158,,,681.0,681.0,,,,
3967,169.0,169.0,169.0,169.0,,,,
2866,,,101.0,101.0,,,,
458,285.0,285.0,245.0,285.0,,,,
20458,283.0,,283.0,,,,,
32865,493.0,,,,,,,
938,117.0,117.0,377.0,377.0,,,,
20938,119.0,,,,,,,
22864,183.0,,,,,,,
42864,,185.0,,,,,,
22870,327.0,,,,,,,
2862,755.0,755.0,755.0,755.0,,,,
2696,,,,,,187.0,,
2903,,,,,,,,
22903,,,,,,,,
22904,,,,,,,,
4755,,,,350.0,,,,
2117,,,,,267.0,847.0,197.0,1297.0
2638,227.0,,157.0,1007.0,,,,
734,,,,1105.0,,85.0,,
2359,,36001.0,,36001.0,,,,
1971,,,36001.0,,,,,
2382,,,,,,1175.0,,
2582,,,,,,,36001.0,1131.0
932,,,,,,36001.0,36001.0,36001.0
1963,,,,,,15.0,,
2423,561.0,561.0,411.0,511.0,,,,
2374,117.0,117.0,47.0,,,,,
3392,,,,58.0,,,,
1383,,,89.0,,,,,
910,,,1447.0,,,,,
2378,36001.0,36001.0,,,,36001.0,,36001.0
2340,,,36001.0,,,,,
2326,,,36001.0,,,,,
2352,,,36001.0,,,,,
2393,,,,103.0,983.0,283.0,983.0,283.0
2040,,,,,,,,
2349,,,,,0.0,,0.0,1240.0
22349,,,,,,900.0,,
2342,,,,,,1213.0,,
2379,,299.0,,219.0,,,,
186,,,,,,,,
2317,129.0,129.0,919.0,919.0,,,,
22379,,,,,,1041.0,,
1224,293.0,233.0,643.0,643.0,,,,
1225,,,,590.0,,,,
1226,47.0,,427.0,817.0,,,,
1228,,81.0,36001.0,901.0,,,,
1229,,,551.0,,,,,
3930,,,599.0,,,,,
1230,,,597.0,,,,,
1069,257.0,257.0,857.0,857.0,,,,
2264,581.0,181.0,,,,181.0,,581.0
2430,36001.0,36001.0,36001.0,36001.0,,,,
402,,,36001.0,36001.0,36001.0,,36001.0,
401,,,,,345.0,835.0,,
1168,,,,,95.0,,175.0,
21168,,,,,,95.0,,
645,,,,,131.0,,,131.0
646,60.0,,,,,,,
2705,,,36001.0,36001.0,36001.0,,36001.0,
22705,,,,,,36001.0,,
985,,,,,36001.0,36001.0,,36001.0
858,,,,,36001.0,36001.0,36001.0,36001.0
648,,,,,,1237.0,,
20648,,,,,,1237.0,,
30648,,,,,,1235.0,,
40648,,,,,,1237.0,,
412,,,,,1161.0,,,
1086,,,,,,,1173.0,
410,,,,,,287.0,1157.0,287.0
20410,,,,,1157.0,,,
643,,,,,115.0,,,
20643,,,,,,,113.0,
409,,,,,,160.0,1190.0,160.0
20409,,,,,,,1189.0,
408,,,,,1185.0,,,
20408,,,,,1185.0,,,
644,,301.0,,,,,,
20644,,299.0,,,,,,
423,,,,,,13.0,,
20423,,,,,,15.0,,
420,,,,,349.0,279.0,349.0,79.0
417,,,,,1073.0,1073.0,1073.0,1073.0
416,,,,,,1185.0,135.0,1185.0
20416,,,,,,,,
414,1081.0,1081.0,271.0,271.0,,,,
20414,,36001.0,,,,,,
411,,,,,,,1241.0,
406,51.0,,,401.0,,,,
20406,51.0,,,,,,,
432,,,,,151.0,91.0,151.0,951.0
430,,,,,,1069.0,,
429,36001.0,36001.0,,,36001.0,,36001.0,
427,,,,,,97.0,,
425,,,,,,99.0,,
426,,,,,,201.0,261.0,
424,,,,,209.0,1039.0,209.0,
672,,,,,,,153.0,
213,,,,,561.0,,,
214,,,,,525.0,935.0,125.0,935.0
673,,,461.0,,,461.0,461.0,
671,,,,,171.0,,,
209,,,,,199.0,,,299.0
4789,,,,,,117.0,1037.0,
210,,,,,,,491.0,
211,,,,,,,475.0,
212,,,,,721.0,61.0,401.0,
215,241.0,,,,,191.0,,
2479,,,,,,,392.0,
748,1081.0,,,141.0,,,,
20748,1083.0,,,,,,,
467,1117.0,,,,,,,
3148,,,,,763.0,,763.0,
23148,,,,,,,763.0,
1109,,,,,1045.0,115.0,1045.0,115.0
3150,,,,,,,36001.0,
3149,,993.0,,,,,,
1426,,811.0,,,,,,
468,,,,,36001.0,36001.0,36001.0,36001.0
3864,,,,,777.0,,,127.0
23864,,,,,917.0,127.0,,
470,,,,,1001.0,211.0,81.0,141.0
20470,,,,,1003.0,,,
1648,,,,,1089.0,279.0,869.0,
1649,759.0,,,,,,,
742,,,,,,,,19.0
2474,,,,,,867.0,327.0,867.0
2431,,,,,245.0,645.0,,
2445,,,,,,559.0,319.0,
2415,,,,,377.0,407.0,,
22415,,,,,,,377.0,
1662,,,,,,,325.0,
2435,,,,,,359.0,,
3962,,,,,,,751.0,
23962,,,,,,,751.0,
2458,,,699.0,699.0,,,,
22458,,,,,,,,
2444,,,885.0,,,,,
2500,,,,,,,,
22500,,437.0,,,,,,
2457,,,,,279.0,,,
2470,,,,,,751.0,,
2419,,,,,,20.0,760.0,
22419,,,,,760.0,,,
2408,,,,,,,59.0,
2434,,,,,299.0,359.0,299.0,
2443,,,,777.0,,,,
2465,,,,,,,,
2459,,690.0,690.0,690.0,,,,
3458,,,,,1411.0,451.0,1411.0,451.0
2456,,,,,169.0,,169.0,639.0
4004,415.0,,,785.0,,,,
2464,,,,,537.0,17.0,57.0,
22464,,,,,53.0,,403.0,13.0
2449,183.0,,,,,,,
22449,,,,183.0,,,,
1922,,,,,,,683.0,
2487,,,,,29.0,559.0,89.0,579.0
2495,,,,,,,19.0,
1923,,,,,,,0.0,
21923,,,,,,,377.0,
1924,,,,,187.0,,,
1832,,,,,,,179.0,
21832,,,,,,,,
1926,,,,,157.0,,,
2491,,,,,113.0,,,
2471,,,,,247.0,,,
22471,,,,,245.0,395.0,,395.0
2481,,,,,1189.0,,,
22481,,,,,1239.0,,,
4553,,,,,55.0,35.0,,
22459,89.0,,,,,,,
32449,181.0,,,,,,,
2451,245.0,245.0,,,,,,
3125,213.0,213.0,113.0,113.0,,,,
3590,,,,,825.0,345.0,825.0,55.0
3589,,,,,,121.0,,
3588,,,,,537.0,137.0,537.0,247.0
3592,,,,,251.0,,631.0,41.0
3595,,,,,109.0,599.0,109.0,599.0
3085,,,,,345.0,,345.0,
3587,,,,,379.0,439.0,,439.0
3185,,,,,267.0,,627.0,37.0
3598,,,,,303.0,683.0,,273.0
3599,,,,,175.0,675.0,175.0,675.0
3186,,,,,257.0,,627.0,27.0
3600,,,,,36001.0,36001.0,36001.0,36001.0
3601,,,,,,,,163.0
3602,,,,,297.0,247.0,297.0,87.0
3585,,,,,921.0,201.0,531.0,
3187,,,,,,,660.0,170.0
3610,,,,,439.0,669.0,439.0,669.0
2231,,,,,,,,165.0
3608,,,,,275.0,145.0,275.0,145.0
3607,,,,,893.0,163.0,483.0,
3188,,,,,,,729.0,
3189,,,,,,,693.0,63.0
3612,,,,,63.0,,,
3613,,,,,36001.0,,36001.0,36001.0
3617,,,,,36001.0,36001.0,36001.0,36001.0
3603,,,,,3.0,633.0,83.0,633.0
3614,,,,,,,719.0,59.0
3593,,,,,36001.0,36001.0,36001.0,36001.0
3611,,,,,,,,327.0
1294,,,,,,433.0,,
1296,,,,,,,,
3829,,,,,,,220.0,
3828,,,,,999.0,79.0,999.0,79.0
148,,,,,279.0,,,229.0
3811,,,,,,,,17.0
4674,,,,,,,,
3946,,,,,,36001.0,,
3304,,,,,,,159.0,229.0
3826,,,,,97.0,97.0,,97.0
3823,,,,,315.0,685.0,315.0,1025.0
3830,,,,,,,193.0,463.0
4672,,,,,,347.0,,
4672,,,,,,339.0,,
3880,,,,,147.0,747.0,147.0,747.0
3839,,,,,111.0,111.0,111.0,111.0
3882,,,,,45.0,765.0,45.0,765.0
3837,,,,,595.0,155.0,595.0,225.0
3838,,,,,,113.0,,
3808,,,,,97.0,987.0,97.0,247.0
149,,,,,,,,843.0
4697,,,,,,,,231.0
3820,,,,,913.0,173.0,913.0,593.0
2229,,,,,36001.0,36001.0,36001.0,36001.0
1219,,,,,,,,737.0
2688,,,,,,,97.0,
2261,,,,,,,95.0,
3665,,,,,,,33.0,113.0
3666,,,,,,619.0,,
3667,109.0,1349.0,,719.0,,,,
3668,331.0,61.0,,,,,,
2452,,,837.0,,,,,
3689,,377.0,,,1027.0,,,
2476,379.0,,,,179.0,,,
3852,36001.0,36001.0,,36001.0,36001.0,,,
4768,,,,,,,,
3637,,,,,,,,1017.0
3633,,,,,195.0,565.0,195.0,995.0
2421,,,1161.0,671.0,,91.0,,
4048,,,,,53.0,,,143.0
3362,,,621.0,,,,,
3690,143.0,,,,,,813.0,
2477,,,,,,,,261.0
23600,,,,,,,,36001.0
3591,,,,,,289.0,1039.0,
23591,,,,,337.0,,,
23185,,,,,625.0,,,
23610,,,,,,319.0,,
23611,,,,,117.0,,,
4845,,,,,339.0,,,
4838,,,,,,,,325.0
3699,,,,,229.0,,,
3685,,,,,,1053.0,,1053.0
3686,,,,,,,199.0,859.0
23686,,,,,,,,
3687,,,,,,989.0,,989.0
3681,,,,,465.0,1345.0,,1345.0
3688,,,,,,,,
23688,,,,,181.0,911.0,,911.0
21219,,,,,,,,733.0
23665,,,,,25.0,,,
23666,,,,,,619.0,,
23668,,,,,,,,
33668,,,,,,,,
22476,,,,869.0,,,,
23637,,,,,,,,1019.0
22421,,,,,,,,679.0
23362,,,,621.0,,,,
23690,,,,2245.0,,,,
22477,,,,,11.0,,,
1283,,,,,,183.0,,
21283,,,,,,,,
201,,,,,193.0,1163.0,,
200,,,,,1303.0,783.0,153.0,193.0
199,,,,,79.0,989.0,,79.0
3140,,,,,119.0,79.0,119.0,769.0
1307,,,,,,,,27.0
569,,,,,40.0,920.0,40.0,
198,,,,,285.0,,,1135.0
202,221.0,221.0,,,,,,
1284,,,,,,911.0,,
3788,,,,,383.0,903.0,383.0,
3786,,,,,351.0,901.0,351.0,901.0
3762,,,,,,,,261.0
3887,,243.0,,243.0,,,,
3818,,,,,915.0,355.0,915.0,
3787,,,,,147.0,887.0,147.0,887.0
3766,,,,,,,,9.0
23766,,,,,,,,13.0
3765,,,,,,135.0,,
3763,,,,,363.0,1003.0,,
3764,,,,,,,,31.0
3824,,,,,,269.0,,
23887,,,,,,,,
33887,,,,,,,,
3986,799.0,1269.0,,,,129.0,,129.0
3985,,36001.0,,,,,,
23985,,36001.0,,,,,,
631,,36001.0,,,,,,
2969,,509.0,,,,,,
22969,,,,,,,,
2978,,,,,,,,
1424,36001.0,36001.0,36001.0,36001.0,,,,
2985,,36001.0,,,,,,
22985,,36001.0,,,,,,
2963,36001.0,,,36001.0,,,,
2960,,36001.0,36001.0,,,,,
2908,,,36001.0,36001.0,36001.0,,36001.0,
2958,,,,,1.0,,,
3984,36001.0,36001.0,36001.0,36001.0,,,,
2968,36001.0,36001.0,36001.0,36001.0,,,,
449,36001.0,,,,,,,
22958,,,,,,,1.0,
22979,,36001.0,,,,,,
2989,,,233.0,,1123.0,253.0,1123.0,173.0
3983,,,36001.0,,,,,
1207,,,,36001.0,,,,
4822,,,,,,36001.0,,
24822,,,,,,,,36001.0
492,,,,,,36001.0,36001.0,
653,,,,,,36001.0,36001.0,36001.0
23014,,,,,,,36001.0,
3000,,,36001.0,36001.0,36001.0,,36001.0,
2999,,36001.0,,,,,,
23305,,,,36001.0,,,,
31183,36001.0,,,,,,,
1375,36001.0,,,,,,,
23055,36001.0,,,,,,,
23055,36001.0,,,,,,,
3054,36001.0,36001.0,36001.0,36001.0,,,,
109,36001.0,,36001.0,36001.0,,,,
3010,36001.0,,,,,,,
3006,36001.0,36001.0,36001.0,36001.0,,,,
3980,36001.0,36001.0,36001.0,36001.0,,,,
3981,,36001.0,,,,,,
3982,36001.0,36001.0,,36001.0,,,,
23969,188.0,,,,,,,
79,,,,,,,,279.0
81,,,,,655.0,,,
22960,,36001.0,,,,,,
302,,,,,,36001.0,,
369,36001.0,36001.0,,,,,,
3840,,,36001.0,36001.0,,,,
1446,,,,,,36001.0,36001.0,
2203,,,36001.0,36001.0,,,,
35,36001.0,,,,,,,
20035,36001.0,,,,,,,
49,36001.0,,36001.0,36001.0,,,,
2979,,36001.0,,,,,,
2955,,,,36001.0,36001.0,,36001.0,
2952,,,,,,,,36001.0
22952,,,,,,,36001.0,
32952,,,,,,,36001.0,
2950,,36001.0,36001.0,,,,,
3018,,,,36001.0,,,,
3361,,,,36001.0,,,,
23361,,,36001.0,,,,,
20077,,,,36001.0,,,,
1123,36001.0,36001.0,36001.0,36001.0,,,,
3024,,,,36001.0,,,,
3050,,,,36001.0,,,,
22996,,,,,,51.0,,
1460,237.0,,537.0,,,,,
3008,,,,36001.0,,,,
4042,,,,36001.0,,,,
4973,,,36001.0,,,,,
3047,,,,,,,,36001.0
2975,,,36001.0,,,,,
2974,,,36001.0,,,,,
2972,,,,36001.0,,,,
3303,,,,36001.0,,,,
3001,36001.0,36001.0,36001.0,,,,,
235,36001.0,36001.0,36001.0,,,,,
2573,,,,36001.0,,,,
3025,,,,36001.0,,,,
160,,,36001.0,,,,,
3476,,,,36001.0,,,,
23027,,,,36001.0,,,,
655,,,,,,36001.0,,
23028,,,,,,,,36001.0
3031,,,,,,36001.0,,
23033,,,592.0,,,,,
2961,36001.0,,36001.0,36001.0,,,36001.0,
2949,36001.0,36001.0,36001.0,36001.0,,,,
2948,,36001.0,,,,,,
2947,36001.0,36001.0,36001.0,36001.0,,36001.0,,
22947,,36001.0,,,,,,
22966,,36001.0,,,,,,
2971,1244.0,14.0,1864.0,684.0,,,,
2982,,1099.0,,,,,,
2983,847.0,1547.0,107.0,107.0,,,,
3003,,36001.0,,36001.0,,,,
22661,,,,,,,400.0,
2410,,466.0,,,,,,
2215,,,,,,,,
3032,,36001.0,36001.0,36001.0,,,,
3040,36001.0,,,,,,,
2951,36001.0,,36001.0,36001.0,,,36001.0,
3023,,36001.0,,,,,,
3022,145.0,145.0,605.0,605.0,,,,
3046,36001.0,,,,,,,
23048,,,,,36001.0,,,
2214,36001.0,36001.0,,,,36001.0,,36001.0
2216,,,,,36001.0,,,
3004,36001.0,,,,,,,
3002,36001.0,36001.0,36001.0,36001.0,,,,
3199,36001.0,36001.0,36001.0,36001.0,,,,
4911,,,,,36001.0,,,
2290,,,,,,36001.0,36001.0,
2212,36001.0,36001.0,36001.0,36001.0,,,,
3011,,36001.0,36001.0,36001.0,,,,
23009,36001.0,,,,,,,
23045,,36001.0,,,,,,
3021,36001.0,36001.0,,,,36001.0,,36001.0
2417,,36001.0,,,,,,
2953,36001.0,36001.0,36001.0,36001.0,,,,
3029,,36001.0,,,,,,
3030,,,,,36001.0,36001.0,36001.0,36001.0
2988,,,,,36001.0,36001.0,36001.0,36001.0
2987,,36001.0,,,,,,
2954,,,15.0,15.0,795.0,,795.0,
2946,36001.0,36001.0,36001.0,36001.0,,,,
2965,,36001.0,,,,,,
2967,36001.0,,36001.0,36001.0,,,36001.0,
3876,,36001.0,,,,,,
2219,36001.0,36001.0,36001.0,36001.0,,,,
2219,36001.0,36001.0,36001.0,36001.0,,,,
173,,36001.0,,,,,,
2981,,,,,36001.0,,,
2984,36001.0,36001.0,,,,36001.0,,36001.0
2956,36001.0,36001.0,36001.0,36001.0,,,,
3020,,36001.0,,36001.0,,,,
3019,36001.0,36001.0,36001.0,36001.0,,,,
23019,,,36001.0,,,,,
176,36001.0,,,,,,,
23049,36001.0,,,,,,,
33049,,,,36001.0,,,,
3053,1243.0,,,,,,,
2217,36001.0,36001.0,36001.0,36001.0,,,,
23056,36001.0,,,,,,,
2287,,36001.0,,,,,,
2287,,36001.0,,,,,,
3211,36001.0,36001.0,36001.0,36001.0,,,,
2207,36001.0,36001.0,36001.0,36001.0,,,,
3052,36001.0,36001.0,,,,,,
3051,36001.0,36001.0,,,,,,
3007,36001.0,36001.0,36001.0,36001.0,,,,
175,36001.0,,,,,,,
23013,36001.0,,,,,,,
329,,,36001.0,,,,,
800,36001.0,36001.0,36001.0,,,,,
1850,715.0,,415.0,415.0,,,,
2691,569.0,569.0,,,,,,
1619,,,,,,,,291.0
1537,,,,,233.0,133.0,233.0,133.0
929,,,,,,,,36001.0
1574,,,773.0,,,,,
3180,30.0,30.0,,,,,,1310.0
1814,,,,165.0,,,,
1818,,,173.0,,,,,
1839,233.0,233.0,,,,,,
1863,189.0,189.0,899.0,899.0,,,,
1620,,,65.0,,,,,
1819,505.0,505.0,405.0,405.0,,,,
1817,219.0,219.0,219.0,219.0,,,,
1821,853.0,853.0,313.0,313.0,,,,
21821,,101.0,,,,,,
1812,,,69.0,1219.0,779.0,,69.0,
1865,,,36001.0,36001.0,36001.0,,36001.0,
4762,811.0,,1.0,,,,,
4760,,,875.0,,,,,
4761,,,181.0,,,,,
4763,,,13.0,,,,,
1816,,,795.0,,,,,
157,,,,161.0,,,,
1820,811.0,811.0,361.0,311.0,,,,
4765,,,277.0,,,,,
4764,,,119.0,,,,,
2588,,109.0,,,,,,
22588,,,,,,,,
2697,,93.0,,,,,,
4552,,,153.0,,,,,
640,,,949.0,,,,,
151,325.0,325.0,245.0,1005.0,,,,
2580,497.0,497.0,497.0,497.0,,,,
2428,,,,,1333.0,133.0,,
3457,,,,,1225.0,,,
20985,,,,,,36001.0,,
2308,,,,,,427.0,,
1866,,,,,425.0,425.0,,425.0
1867,,,,,,377.0,,
1830,573.0,573.0,573.0,573.0,,,,
21830,,573.0,,,,,,
156,,,,,,,123.0,
1851,435.0,,,,,,,
1999,979.0,,299.0,539.0,,,,1439.0
21999,979.0,,,,,,,
3126,329.0,329.0,,239.0,,,,
1857,313.0,,,,,,,
21857,,,,203.0,,,,
3225,,,,,,,,205.0
1813,,85.0,85.0,85.0,,,,
1815,,595.0,1505.0,,,,,
2262,,35.0,335.0,,,,,
22262,,,,,,333.0,,
1463,,,,,36001.0,36001.0,,
3068,,,,,,,499.0,
23068,,,,,499.0,,,
1826,,,571.0,571.0,1201.0,,1201.0,
111,,,,36001.0,,,,
616,,529.0,529.0,529.0,,,,
21946,,,,36001.0,,,,
3331,36001.0,,36001.0,36001.0,,,,
1864,,,35.0,35.0,,,,
158,,,691.0,1281.0,,,,
23967,180.0,,180.0,180.0,,,,
22866,,,113.0,703.0,,,,
1854,,919.0,,,,,,
917,889.0,889.0,889.0,889.0,,,,
1843,36001.0,,,,,,,
1611,,53.0,,,,,,
21611,1003.0,1003.0,,1003.0,,,,
1506,271.0,271.0,271.0,271.0,,,,
22580,129.0,,,,,,,
3558,,969.0,,,,,,
2625,,965.0,,,,,,
21816,175.0,,,,,,,
31816,175.0,,,,,,,
51816,,173.0,,,,,,
21619,,,,,,,,291.0
31821,,,,303.0,,,,
21865,,,,,,36001.0,,
31865,,,,,,36001.0,,
41865,,,,,,36001.0,,
24761,,,173.0,,,,,
41816,,,793.0,,,,,
24765,,,277.0,,,,,
4545,,,,,,,,
2872,773.0,,143.0,63.0,,,,
2875,36001.0,36001.0,36001.0,36001.0,,,,
2876,639.0,639.0,9.0,9.0,,,,
2884,33.0,,,,,133.0,,133.0
2901,,,,,759.0,,,69.0
2878,263.0,193.0,1153.0,1223.0,,,,
1835,529.0,,169.0,169.0,,,,
1946,,,,,,,,
2896,1440.0,1440.0,,,,250.0,,250.0
2905,,,,217.0,,,,
22905,,,,,,219.0,,
2907,,441.0,381.0,,,,,
2906,305.0,,755.0,,,,,
2904,,,,,,,,
3266,,380.0,,,,,,
2900,,,,,,,,
2899,,,,,,,,139.0
22899,,,,,,,,137.0
1929,,,36001.0,,,,,
793,,,,,,,,36001.0
2895,,36001.0,36001.0,,,,,
2407,,,,,,,313.0,
2897,687.0,207.0,687.0,207.0,,,,
2877,,,,27.0,,,,
2864,,,,,,,,
32864,,,,1065.0,,,,
52864,,,,1065.0,,,,
62864,,,,1065.0,,,,
2867,,,,,369.0,389.0,,
2823,,,,,36001.0,36001.0,36001.0,36001.0
22823,,,,,36001.0,,,
2829,,,,,131.0,201.0,,
3265,,,,,,919.0,,
2910,200.0,,900.0,,,,,
2879,219.0,219.0,279.0,279.0,,,,
2865,503.0,503.0,93.0,93.0,,,,
22865,,,,91.0,,,,
2830,,,,,1217.0,,,717.0
2889,1117.0,1117.0,,,,,,
2902,,,,,,183.0,,
22902,,,,,,181.0,,
32902,,,,,,181.0,,
2817,,,,,,,,479.0
2886,,,,,,29.0,,
2885,,,71.0,71.0,1.0,,1.0,
4781,,,,397.0,,,,
2912,,,,439.0,,,,
2871,1127.0,127.0,387.0,,,,,
22871,,,,385.0,,,,
3146,,,,,,,,549.0
2870,999.0,999.0,339.0,559.0,,,,
1921,,,,,,493.0,,
2869,,,217.0,217.0,967.0,,967.0,
2819,,,,,,485.0,,
2822,721.0,721.0,151.0,151.0,,,,
2913,,,,36001.0,,,,
31946,,,,36001.0,,,,
21835,,529.0,169.0,169.0,,,,
21850,,715.0,415.0,415.0,,,,
23331,,36001.0,36001.0,36001.0,,,,
21864,29.0,29.0,29.0,29.0,,,,
20158,,,693.0,693.0,,,,
3967,180.0,180.0,180.0,180.0,,,,
2866,,,111.0,111.0,,,,
458,293.0,293.0,263.0,293.0,,,,
20458,293.0,,293.0,,,,,
32865,503.0,,,,,,,
938,127.0,127.0,387.0,387.0,,,,
20938,129.0,,,,,,,
22864,195.0,,,,,,,
42864,,195.0,,,,,,
22870,337.0,,,,,,,
2862,765.0,765.0,765.0,765.0,,,,
2696,,,,,,197.0,,
2903,,,,,,,,
22903,,,,,,,,
22904,,,,,,,,
4755,,,,360.0,,,,
2117,,,,,277.0,857.0,207.0,1307.0
2638,237.0,,167.0,1017.0,,,,
734,,,,1117.0,,97.0,,
2359,,36001.0,,36001.0,,,,
1971,,,36001.0,,,,,
2382,,,,,,1185.0,,
2582,,,,,,,36001.0,1143.0
932,,,,,,36001.0,36001.0,36001.0
1963,,,,,,25.0,,
2423,583.0,583.0,3.0,533.0,,,,
2374,127.0,127.0,57.0,,,,,
3392,,,,69.0,,,,
1383,,,99.0,,,,,
910,,,1459.0,,,,,
2378,36001.0,36001.0,,,,36001.0,,36001.0
2340,,,36001.0,,,,,
2326,,,36001.0,,,,,
2352,,,36001.0,,,,,
2393,,,,111.0,991.0,291.0,991.0,291.0
2040,,,,,,,,
2349,,,,,9.0,,9.0,1249.0
22349,,,,,,909.0,,
2342,,,,,,1223.0,,
2379,,309.0,,229.0,,,,
186,,,,,,,,
2317,137.0,137.0,927.0,927.0,,,,
22379,,,,,,1051.0,,
1224,303.0,243.0,653.0,653.0,,,,
1225,,,,600.0,,,,
1226,57.0,,437.0,827.0,,,,
1228,,91.0,36001.0,911.0,,,,
1229,,,563.0,,,,,
3930,,,609.0,,,,,
1230,,,607.0,,,,,
1069,267.0,267.0,867.0,867.0,,,,
2264,591.0,191.0,,,,191.0,,591.0
2430,36001.0,36001.0,36001.0,36001.0,,,,
402,,,36001.0,36001.0,36001.0,,36001.0,
401,,,,,355.0,845.0,,
1168,,,,,103.0,,183.0,
21168,,,,,,105.0,,
645,,,,,141.0,,,141.0
646,69.0,,,,,,,
2705,,,36001.0,36001.0,36001.0,,36001.0,
22705,,,,,,36001.0,,
985,,,,,36001.0,36001.0,,36001.0
858,,,,,36001.0,36001.0,36001.0,36001.0
648,,,,,,1247.0,,
20648,,,,,,1247.0,,
30648,,,,,,1247.0,,
40648,,,,,,1247.0,,
412,,,,,1173.0,,,
1086,,,,,,,1185.0,
410,,,,,,297.0,1167.0,297.0
20410,,,,,1167.0,,,
643,,,,,125.0,,,
20643,,,,,,,123.0,
409,,,,,,169.0,1199.0,169.0
20409,,,,,,,1195.0,
408,,,,,1193.0,,,
20408,,,,,1195.0,,,
644,,311.0,,,,,,
20644,,309.0,,,,,,
423,,,,,,23.0,,
20423,,,,,,25.0,,
420,,,,,360.0,290.0,360.0,90.0
417,,,,,1083.0,1083.0,1083.0,1083.0
416,,,,,,1199.0,149.0,1199.0
20416,,,,,,,,
414,1090.0,1090.0,280.0,280.0,,,,
20414,,36001.0,,,,,,
411,,,,,,,1251.0,
406,59.0,,,409.0,,,,
20406,61.0,,,,,,,
432,,,,,161.0,101.0,161.0,961.0
430,,,,,,1080.0,,
429,36001.0,36001.0,,,36001.0,,36001.0,
427,,,,,,107.0,,
425,,,,,,111.0,,
426,,,,,,211.0,271.0,
424,,,,,219.0,1049.0,219.0,
672,,,,,,,163.0,
213,,,,,571.0,,,
214,,,,,535.0,945.0,135.0,945.0
673,,,471.0,,,471.0,471.0,
671,,,,,181.0,,,
209,,,,,209.0,,,309.0
4789,,,,,,127.0,1047.0,
210,,,,,,,501.0,
211,,,,,,,485.0,
212,,,,,729.0,69.0,409.0,
215,251.0,,,,,201.0,,
2479,,,,,,,402.0,
748,1093.0,,,153.0,,,,
20748,1095.0,,,,,,,
467,1129.0,,,,,,,
3148,,,,,773.0,,773.0,
23148,,,,,,,773.0,
1109,,,,,1057.0,127.0,1057.0,127.0
3150,,,,,,,36001.0,
3149,,1003.0,,,,,,
1426,,821.0,,,,,,
468,,,,,36001.0,36001.0,36001.0,36001.0
3864,,,,,789.0,,,139.0
23864,,,,,929.0,139.0,,
470,,,,,1013.0,223.0,93.0,153.0
20470,,,,,1015.0,,,
1648,,,,,1099.0,289.0,879.0,
1649,769.0,,,,,,,
742,,,,,,,,20.0
2474,,,,,,877.0,337.0,877.0
2431,,,,,255.0,655.0,,
2445,,,,,,569.0,329.0,
2415,,,,,387.0,417.0,,
22415,,,,,,,387.0,
1662,,,,,,,335.0,
2435,,,,,,370.0,,
3962,,,,,,,761.0,
23962,,,,,,,761.0,
2458,,,709.0,709.0,,,,
22458,,,,,,,,
2444,,,895.0,,,,,
2500,,,,,,,,
22500,,447.0,,,,,,
2457,,,,,289.0,,,
2470,,,,,,761.0,,
2419,,,,,,29.0,769.0,
22419,,,,,769.0,,,
2408,,,,,,,67.0,
2434,,,,,311.0,371.0,311.0,
2443,,,,785.0,,,,
2465,,,,,,,,
2459,,699.0,699.0,699.0,,,,
3458,,,,,1421.0,461.0,1421.0,461.0
2456,,,,,180.0,,180.0,650.0
4004,425.0,,,795.0,,,,
2464,,,,,547.0,27.0,67.0,
22464,,,,,63.0,,413.0,23.0
